Name,user_ratings_total,category,rating,Latitude,Longitude,weekly_high,weekly_low,best_weekly_estimate,Address,geometry,Adoption,Adoption Guess,Visited ,Influence,Weekly_Dropoff_Totes,Daily_Pickup_Totes,id,service_type,location_type
Sugar Bean,476.0,cafe,4.7,29.2610286,-94.8704183,200,50,200,"11 Evia Main, Galveston",POINT (-94.8704183 29.2610286),Curious,High,No,High,1.0,1.0,,Truck,
MAC-IES,73.0,restaurant,5.0,29.2989118,-94.7913851,1500,1050,1500,"1110 23rd Street, Galveston",POINT (-94.7913851 29.2989118),Curious,High,No,Low,1.0,1.0,,Truck,
Good Dough,68.0,bakery,4.6,29.2906119,-94.808531,70,35,70,"1508 39th Street, Galveston",POINT (-94.808531 29.2906119),Curious,High,No,Med,1.0,1.0,,Truck,
Porch Cafe,332.0,restaurant,4.1,29.3195806,-94.7501916,300,,100,"1625 East Beach Drive #2A, Galveston",POINT (-94.7501916 29.3195806),Curious,High,No,Low,1.0,1.0,,Truck,
Coastal Grill,814.0,restaurant,4.6,29.308158,-94.789455,500,100,500,"1827 The Strand, Galveston",POINT (-94.789455 29.308158),Skeptical,High,No,Med,1.0,1.0,,Truck,
Texas A&M University at Galveston,121.0,university,4.6,29.3154967,-94.8182868,?,,?,"200 Seawolf Parkway, Galveston",POINT (-94.8182868 29.3154967),Curious,High,No,High,1.0,1.0,,Truck,
Rudy & Paco Restaurant and Bar,892.0,bar,4.7,29.3053363,-94.791081,100,75,100,"2028 Postoffice St, Galveston",POINT (-94.791081 29.3053363),Hesitant,High,No,High,1.0,1.0,,Truck,
Vargas Cut and Catch (listed above),297.0,bar,4.8,29.3052268,-94.7913854,35,49,35,"2102 Postoffice Street, Galveston",POINT (-94.7913854 29.3052268),Curious,High,No,High,,,,Truck,
MarMo Cafe & Lounge,19.0,bar,4.8,29.3056002,-94.792103,140,35,140,"2121 Market Street suite 101, Galveston",POINT (-94.792103 29.3056002),High,High,No,Med,1.0,1.0,,Truck,
Toujouse (listed under Tremont House),6.0,cafe,5.0,29.3062632,-94.7948312,0,0,625,"2300 Ship Mechanic Row Street, Galveston",POINT (-94.7948312 29.3062632),Curious,High,No,High,1.0,1.0,,Truck,
The Pink Foyer Sweets Boutique,1.0,bakery,5.0,29.3060402,-94.7945911,0,0,112.5,"2315 Mechanic Street, Galveston",POINT (-94.7945911 29.3060402),Curious,High,No,Low,1.0,1.0,,Truck,
Riondo's Ristorante,758.0,restaurant,4.5,29.3070258,-94.795454,70,70,70,"2328 The Strand, Galveston",POINT (-94.795454 29.3070258),Fan,High,No,Med,1.0,1.0,,Truck,
Sugar & Rye,128.0,restaurant,4.8,29.3031184,-94.7944536,35,70,35,"2401 Church Street, Galveston",POINT (-94.7944536 29.3031184),Curious,High,No,Low,1.0,1.0,,Truck,
Maceo Spice & Import Company,564.0,restaurant,4.7,29.3042052,-94.7988412,1050,420,1050,"2706 Market Street, Galveston",POINT (-94.7988412 29.3042052),Fan,High,No,Med,1.0,1.0,,Truck,
BLVD Seafood (all of Yagas Entertainment),2158.0,restaurant,4.5,29.2865539,-94.7939604,400,105,400,"2804 Avenue R 1/2, Galveston",POINT (-94.7939604 29.2865539),Skeptical,High,No,High,1.0,1.0,,Truck,
Galveston College,65.0,university,4.4,29.2840785,-94.8084945,20,20,20,"4015 Avenue Q, Galveston",POINT (-94.8084945 29.2840785),Curious,High,No,High,1.0,1.0,,Truck,
Galveston College Charlie Thomas Family Applied Technology Center,9.0,university,5.0,29.2876496,-94.8567631,0,0,1875,"7626 Broadway Street, Galveston",POINT (-94.8567631 29.2876496),Skeptical,High,No,Med,2.0,3.0,,Truck,
Galveston Country club,88.0,restaurant,4.5,29.28896,-94.8627,500,100,500,"14888 Stewart rd Galveston, TX 77554",POINT (-94.8627 29.28896),Curious,High,Yes,Med,1.0,1.0,,Truck,
Mr. C's Dugout @Galveston College,2.0,restaurant,3.0,29.284711,-94.807822,,,93.75,"Student Center, 4015 Avenue Q, Galveston",POINT (-94.807822 29.284711),Curious,High,No,High,1.0,1.0,,Truck,
Galveston Bagel Company,140.0,bakery,4.7,29.2989118,-94.7913851,2100,1750,2100,"1110 23rd Street, Galveston",POINT (-94.7913851 29.2989118),Curious,High,Yes,Low,1.0,1.0,,Truck,
Shykatz,930.0,cafe,4.6,29.3005619,-94.7832253,800,500,800,"1528 Avenue L, Galveston",POINT (-94.7832253 29.3005619),Curious,High,Yes,Med,1.0,2.0,,Truck,
Cajun Greek,999.0,restaurant,4.0,29.2769392,-94.8316408,50,25,50,"2226 61st St Galveston, TX 77551",POINT (-94.8316408 29.2769392),Curious,High,Yes,Med,1.0,1.0,,Truck,
Leeland House Galveston,51.0,bar,4.6,29.3038963,-94.7988738,140,70,140,"2711 Market Street, Galveston",POINT (-94.7988738 29.3038963),Skeptical,High,Yes,Med,1.0,1.0,,Truck,
Red Light Coffee Roasters,305.0,cafe,4.6,29.3040468,-94.7995497,150,100,150,"2728 Market Street, Galveston",POINT (-94.7995497 29.3040468),Curious,High,Yes,Med,1.0,1.0,,Truck,
Gaido's,5568.0,restaurant,4.4,29.2796255,-94.8045,140,0,140,"3828 Seawall Boulevard, Galveston",POINT (-94.8045 29.2796255),Curious,High,Yes,High,1.0,1.0,,Truck,
Eatcetera,299.0,restaurant,4.5,29.3044994,-94.795793,42,42,42,"408 25th Street, Galveston",POINT (-94.795793 29.3044994),Raving Fan,High,Yes,Med,1.0,1.0,,Truck,
Star Drug Store,1247.0,restaurant,4.5,29.304249,-94.7931581,140,35,140,"510 23rd Street, Galveston",POINT (-94.7931581 29.304249),Curious,High,Yes,Low,1.0,2.0,,Truck,
The Sunflower Bakery & Cafe,3947.0,cafe,4.6,29.3070498,-94.7829794,350,350,350,"512 14th Street, Galveston",POINT (-94.7829794 29.3070498),Skeptical,High,Yes,High,1.0,1.0,,Truck,
Mosquito Cafe,2625.0,restaurant,4.4,29.3057145,-94.7825488,300,150,300,"628 14th Street, Galveston",POINT (-94.7825488 29.3057145),Fan,High,Yes,High,1.0,1.0,,Truck,
PattyCakes Bakery,317.0,bakery,4.2,29.3054245,-94.78242,0,0,150,"704 14th Street, Galveston",POINT (-94.78242 29.3054245),Fan,High,Yes,High,1.0,1.0,,Truck,
Sapori,365.0,restaurant,4.5,29.2592634,-94.8412938,0,0,93.75,"7611 Stewart Road, Galveston",POINT (-94.8412938 29.2592634),Curious,High,Yes,Low,1.0,1.0,,Truck,
galveston vfw hall,18.0,restaurant,4.8,29.2990826,-94.7925989,,,93.75,"1014 24th Street Rear, Galveston",POINT (-94.7925989 29.2990826),Skeptical,Med,No,Low,1.0,1.0,,Truck,
Cooper's Landing,219.0,restaurant,4.3,29.2407199,-94.8780445,700,280,700,"11150 Termini-San Luis Pass Road, Galveston",POINT (-94.8780445 29.2407199),Skeptical,Med,No,Low,1.0,1.0,,Truck,
Cruise Plaza,82.0,restaurant,4.2,29.3090318,-94.7897517,140,70,140,"112 19th Street, Galveston",POINT (-94.7897517 29.3090318),Skeptical,Med,No,Low,1.0,1.0,,Truck,
Panda Express,10.0,restaurant,2.0,29.2755,-94.83056,3360,3360,3360,"11745 San Luis Pass Rd Galveston, TX 77554",POINT (-94.83056 29.2755),Skeptical,Med,No,Low,1.0,2.0,,Truck,
Mr. Taco,,restaurant,,29.308418,-94.7909307,0,0,93.75,"120 20th Street, Galveston",POINT (-94.7909307 29.308418),Curious,Med,No,Low,1.0,1.0,,Truck,
Benno's Cajun Seafood Restaurant,3094.0,restaurant,4.1,29.2981818,-94.7781673,500,100,500,"1212 Seawall Boulevard, Galveston",POINT (-94.7781673 29.2981818),Skeptical,Med,No,Med,1.0,1.0,,Truck,
Bambú,780.0,restaurant,4.5,29.2976696,-94.7909648,1050,150,1050,"1220 23rd Street, Galveston",POINT (-94.7909648 29.2976696),Skeptical,Med,No,Low,1.0,1.0,,Truck,
Lil’ Buffalo Grille,216.0,restaurant,4.8,29.2610884,-94.8706411,350,35,350,"13 Evia Main, Galveston",POINT (-94.8706411 29.2610884),Curious,Med,No,Low,1.0,1.0,,Truck,
Saltgrass Steak House,3775.0,restaurant,4.4,29.296032,-94.7808646,,,656.25,"1502 Seawall Boulevard, Galveston",POINT (-94.7808646 29.296032),Skeptical,Med,No,High,1.0,1.0,,Truck,
Chef Mary Bass,52.0,caterer,4.8,29.2905544,-94.8085834,,,112.5,"1510 39th Street, Galveston",POINT (-94.8085834 29.2905544),Curious,Med,No,Med,1.0,1.0,,Truck,
Nick's,4.0,restaurant,3.5,29.2894221,-94.8085269,,,93.75,"1613 39th Street, Galveston",POINT (-94.8085269 29.2894221),Skeptical,Med,No,High,1.0,1.0,,Truck,
Longboard Pool Bar,292.0,bar,4.1,29.2944602,-94.7828729,,,140.625,"1702 Seawall Boulevard, Galveston",POINT (-94.7828729 29.2944602),Skeptical,Med,No,High,1.0,1.0,,Truck,
Pennies Tex Mex Take Out,391.0,restaurant,4.7,29.2891349,-94.8059756,350,105,350,"1713 37th Street, Galveston",POINT (-94.8059756 29.2891349),Curious,Med,No,Low,1.0,2.0,,Truck,
Nate's Westend Seafood & Steaks,1470.0,restaurant,4.0,29.1752194,-94.9850694,,,93.75,"17515 Termini-San Luis Pass Road, Galveston",POINT (-94.9850694 29.1752194),Skeptical,Med,No,Low,1.0,1.0,,Truck,
Fish Company Taco,368.0,restaurant,4.8,29.2918404,-94.7889025,100,50,100,"1914 23rd Street, Galveston",POINT (-94.7889025 29.2918404),Skeptical,Med,No,Low,1.0,1.0,,Truck,
Katie's Seafood House,3045.0,restaurant,4.6,29.3100166,-94.7912952,210,35,210,"2000 Wharf Road, Galveston",POINT (-94.7912952 29.3100166),Curious,Med,No,High,1.0,1.0,,Truck,
Saltwater Grill,653.0,restaurant,4.4,29.3050765,-94.790643,280,70,280,"2017 Postoffice Street, Galveston",POINT (-94.790643 29.3050765),Skeptical,Med,No,High,1.0,1.0,,Truck,
Drunken Monkeyz,324.0,bar,4.3,29.3079594,-94.790723,0,0,1125,"202 20th Street, Galveston",POINT (-94.790723 29.3079594),Skeptical,Med,No,Low,2.0,2.0,,Truck,
Hubcap Grill,1268.0,bar,4.3,29.3076238,-94.791623,420,140,420,"2021 The Strand #3, Galveston",POINT (-94.791623 29.3076238),Skeptical,Med,No,Med,1.0,1.0,,Truck,
Monarch Restaurant,5.0,restaurant,3.2,29.2925893,-94.7863581,0,0,93.75,"2024 Seawall Boulevard, Galveston",POINT (-94.7863581 29.2925893),Cuirous,Med,No,Not open yet,1.0,1.0,,Truck,
Galvez Bar & Grill,505.0,restaurant,4.3,29.2928214,-94.7863059,415,210,415,"2024 Seawall Boulevard, Galveston",POINT (-94.7863059 29.2928214),Skeptical,Med,No,Med,1.0,1.0,,Truck,
Willie G's Seafood & Steaks,3060.0,restaurant,4.3,29.309303,-94.792803,3500,500,3500,"2100 Harborside Drive, Galveston",POINT (-94.792803 29.309303),Skeptical,Med,No,High,1.0,1.0,,Truck,
Taquilo's Tex-Mex,1427.0,restaurant,4.3,29.3049299,-94.791404,420,140,420,"2101 Postoffice St, Galveston",POINT (-94.791404 29.3049299),Skeptical,Med,No,High,1.0,2.0,,Truck,
Sky Bar,378.0,restaurant,4.3,29.3049316,-94.7914472,210,70,210,"2105 Postoffice St, Galveston",POINT (-94.7914472 29.3049316),Skeptical,Med,No,High,1.0,1.0,,Truck,
Little Daddy’s Gumbo Bar - Galveston,1634.0,restaurant,4.5,29.304882,-94.7914734,1050,175,1050,"2107 Postoffice Street, Galveston",POINT (-94.7914734 29.304882),Skeptical,Med,No,High,1.0,1.0,,Truck,
Schlitterbahn Waterpark Galveston,4957.0,amusement_park,4.3,29.2703671,-94.8517369,,,5500,"2109 Gene Lucas Blvd, Galveston",POINT (-94.8517369 29.2703671),Skeptical,Med,No,Med,6.0,8.0,,Truck,
Hey Mikey's Ice Cream,818.0,cafe,4.6,29.3051204,-94.79194,,,625,"2120 Postoffice St, Galveston",POINT (-94.79194 29.3051204),Skeptical,Med,No,High,1.0,1.0,,Truck,
Vintage Crown Michelada Bar & Taqueria,207.0,bar,4.6,29.3065367,-94.7944665,,,140.625,"215 23rd Street, Galveston",POINT (-94.7944665 29.3065367),Skeptical,Med,No,Low,1.0,1.0,,Truck,
The West End Marina and Restaurants,803.0,bar,4.1,29.1449947,-95.0470457,300,150,300,"21706 Burnet Drive, Galveston",POINT (-95.0470457 29.1449947),Skeptical,Med,No,Med,1.0,1.0,,Truck,
Fisherman's Wharf,5747.0,restaurant,4.4,29.3089314,-94.7936367,700,140,700,"2200 Harborside Drive, Galveston",POINT (-94.7936367 29.3089314),Skeptical,Med,No,High,1.0,1.0,,Truck,
Axecade,113.0,restaurant,4.8,29.3070637,-94.7941601,2100,300,2100,"2217 Strand St Second Floor 217, 2217 The Strand Suite 217, Galveston",POINT (-94.7941601 29.3070637),Skeptical,Med,No,Low,1.0,1.0,,Truck,
Britton's Bistro (Murdocks),2.0,restaurant,4.5,29.3131588,-94.81892221,,,750,"2226 71st St Galveston, TX 77551",POINT (-94.8189222054326 29.3131588001007),Curious,Med,No,Med,1.0,2.0,,Truck,
Tsunami Tequila Emporium,165.0,bar,4.1,29.3072052,-94.7951202,0,0,140.625,"2314 The Strand, Galveston",POINT (-94.7951202 29.3072052),Skeptical,Med,No,High,1.0,1.0,,Truck,
Playground Patio Bar & Grill,216.0,bar,4.4,29.30667,-94.795242,,,140.625,"2325 The Strand, Galveston",POINT (-94.795242 29.30667),Skeptical,Med,No,Low,1.0,1.0,,Truck,
Press Box,320.0,bar,4.4,29.3040367,-94.7948097,70,10,70,"2401 Postoffice Street, Galveston",POINT (-94.7948097 29.3040367),Hesitant,Med,No,Med,2.0,2.0,,Truck,
Shark Shack,1607.0,bar,4.6,29.3069439,-94.7957083,210,30,210,"2402 The Strand, Galveston",POINT (-94.7957083 29.3069439),Skeptical,Med,No,Med,1.0,1.0,,Truck,
Jack's Pub On Post Office,316.0,bar,4.6,29.3043679,-94.7951116,210,30,210,"2406 Postoffice St, Galveston",POINT (-94.7951116 29.3043679),Hesitant,Med,No,Low,2.0,2.0,,Truck,
Hearsay On The Strand,1103.0,restaurant,4.4,29.3068691,-94.796027,35,5,35,"2410 The Strand, Galveston",POINT (-94.796027 29.3068691),Skeptical,Med,No,Low,1.0,1.0,,Truck,
Patrick’s Bar,174.0,bar,4.3,29.3066379,-94.7959472,350,50,350,"2411 The Strand B, Galveston",POINT (-94.7959472 29.3066379),Skeptical,Med,No,Low,1.0,1.0,,Truck,
Trini Mike's Island Time Kitchen (Food Truck),5.0,restaurant,4.2,29.3041632,-94.7954706,,,93.75,"2424 Post Office, Galveston (Sharkeys)",POINT (-94.7954706 29.3041632),Skeptical,Med,No,Low,1.0,1.0,,Truck,
La Estacion Restaurant,442.0,restaurant,4.3,29.3015187,-94.794797,175,25,175,"2428 Avenue H, Galveston",POINT (-94.794797 29.3015187),Skeptical,Med,No,Low,1.0,1.0,,Truck,
Robert's Lafitte,122.0,bar,4.5,29.2896039,-94.7911531,600,400,600,"2501 Avenue Q, Galveston",POINT (-94.7911531 29.2896039),Currious,Med,No,Med,1.0,1.0,,Truck,
Bubba Gump Shrimp Co.,6587.0,restaurant,4.0,29.28785,-94.790157,140,20,140,"2501 Seawall Boulevard, Galveston",POINT (-94.790157 29.28785),Skeptical,Med,No,High,1.0,1.0,,Truck,
Fish Tales,5546.0,restaurant,4.0,29.2882774,-94.7908591,280,40,280,"2502 Seawall Boulevard, Galveston",POINT (-94.7908591 29.2882774),Skeptical,Med,No,High,1.0,1.0,,Truck,
Shrimp 'N Stuff Downtown,1785.0,restaurant,4.5,29.3013951,-94.7958306,1400,200,1400,"2506 Avenue H, Galveston",POINT (-94.7958306 29.3013951),Skeptical,Med,No,Low,1.0,2.0,,Truck,
Freckleberry Teahouse,78.0,cafe,4.9,29.3041968,-94.79937,,,625,"2724 Market Street, Galveston",POINT (-94.79937 29.3041968),Curious,Med,No,Med,1.0,1.0,,Truck,
Taco Cabana,109.0,restaurant,2.0,29.27079,-94.82903,2800,400,2800,"2729 61st St. Galveston, TX 77551",POINT (-94.82903 29.27079),Opp,Med,No,Low,1.0,2.0,,Truck,
Float Pool & Patio Bar,1433.0,bar,4.2,29.2859177,-94.7944124,?,?,,"2828 Seawall Boulevard, Galveston",POINT (-94.7944124 29.2859177),Skeptical,Med,No,Med,1.0,1.0,,Truck,
The Poop Deck,235.0,bar,4.5,29.2852319,-94.7955743,10000,500,10000,"2928 Seawall Boulevard, Galveston",POINT (-94.7955743 29.2852319),Skeptical,Med,No,Low,1.0,1.0,,Truck,
Island time beach bar,12.0,bar,4.7,29.2842203,-94.7971187,,,1125,"3102 Seawall Boulevard, Galveston",POINT (-94.7971187 29.2842203),Curious,Med,No,Low,2.0,2.0,,Truck,
Taqueria Flores,507.0,restaurant,4.5,29.297634,-94.8026272,,,750,"3202 Broadway Avenue J #4228, Galveston",POINT (-94.8026272 29.297634),Skeptical,Med,No,Low,1.0,2.0,,Truck,
Under the Bun,6.0,restaurant,4.8,29.2836927,-94.7981611,,,93.75,"3202 Seawall Boulevard, Galveston (SPOT)",POINT (-94.7981611 29.2836927),Skeptical,Med,No,High,1.0,1.0,,Truck,
Squeeze,35.0,bar,3.5,29.2837569,-94.7980425,,,140.625,"3204 Seawall Boulevard c, Galveston (spot)",POINT (-94.7980425 29.2837569),Skeptical,Med,No,High,1.0,1.0,,Truck,
Tiki Bar,142.0,bar,4.3,29.2836062,-94.7979736,,,1125,"3204 Seawall Boulevard Suite B, Galveston",POINT (-94.7979736 29.2836062),Skeptical,Med,No,High,2.0,2.0,,Truck,
SideYard,106.0,bar,4.2,29.2837156,-94.7980166,,,140.625,"3204 Seawall Boulevard Suite D, Galveston",POINT (-94.7980166 29.2837156),Skeptical,Med,No,High,1.0,1.0,,Truck,
Rum Shack,221.0,bar,4.3,29.2835904,-94.7979948,,,140.625,"3204 Seawall Boulevard Suite E, Galveston",POINT (-94.7979948 29.2835904),Skeptical,Med,No,High,1.0,1.0,,Truck,
Drip,2.0,bar,5.0,29.2836623,-94.7981973,1500,150,1500,"3204 Seawall Boulevard, Galveston",POINT (-94.7981973 29.2836623),Skeptical,Med,No,High,1.0,1.0,,Truck,
Black Pearl Oyster Bar,2224.0,restaurant,4.4,29.3054649,-94.7940474,105,15,105,"327 23rd Street, Galveston",POINT (-94.7940474 29.3054649),Skeptical,Med,No,Low,1.0,1.0,,Truck,
La Michoacana Meat Market,286.0,supermarket,4.0,29.2965863,-94.8035795,350,50,350,"3301 Broadway Avenue J, Galveston",POINT (-94.8035795 29.2965863),Skeptical,Med,No,Low,1.0,2.0,,Truck,
Queen's Bar-B-Que,1311.0,restaurant,4.3,29.2834997,-94.8011997,700,100,700,"3428 Avenue S, Galveston",POINT (-94.8011997 29.2834997),Skeptical,Med,No,Low,1.0,2.0,,Truck,
Joe's Crab Shack,4371.0,restaurant,3.8,29.2815703,-94.8014962,245,35,245,"3502 Seawall Boulevard, Galveston",POINT (-94.8014962 29.2815703),Skeptical,Med,No,High,1.0,1.0,,Truck,
The Gumbo Diner,3842.0,restaurant,4.4,29.2811811,-94.8018983,350,50,350,"3602 Seawall Boulevard, Galveston",POINT (-94.8018983 29.2811811),Skeptical,Med,No,High,1.0,1.0,,Truck,
Rail Road Museum,408.0,restaurant,4.6,29.2983795,-94.8091242,400,100,400,"2602 Santa Fe Pl, Galveston",POINT (-94.8091242 29.2983795),Curious,med,Yes,Low,,,,Truck,
Redfish Pool Bar,7.0,bar,2.9,29.2798569,-94.8037861,,,140.625,"3788 Seawall Boulevard, Galveston",POINT (-94.8037861 29.2798569),Skeptical,Med,No,High,1.0,1.0,,Truck,
Nick's Kitchen and Beach Bar,3609.0,restaurant,4.2,29.2797917,-94.8040028,,,656.25,"3802 Seawall Boulevard, Galveston",POINT (-94.8040028 29.2797917),Skeptical,Med,No,High,1.0,1.0,,Truck,
Cordray Drug Store,28.0,convenience store,4.5,29.293314,-94.8095633,,,750,"3827 Ave L Galveston, TX 77550",POINT (-94.8095633 29.293314),Curious,Med,No,Med,1.0,2.0,,Truck,
Shrimp N Stuff,1441.0,restaurant,4.0,29.28874,-94.80844,1050,150,1050,"3901 Ave O Galveston, TX 77550",POINT (-94.80844 29.28874),Skeptical,Med,No,High,1.0,2.0,,Truck,
Whitecaps,,university,,29.285577,-94.8077385,0,0,1875,"3916 Avenue Q, Galveston",POINT (-94.8077385 29.285577),Curious,med,No,low,,,,Truck,
Mr Taco & Limon Paradise,129.0,restaurant,4.1,29.2777842,-94.8072763,350,50,350,"4112 Seawall Boulevard, Galveston",POINT (-94.8072763 29.2777842),Curious,Med,No,Med,1.0,2.0,,Truck,
Trattoria La Vigna,563.0,restaurant,4.6,29.306202,-94.7901585,0,0,93.75,"412 20th Street, Galveston",POINT (-94.7901585 29.306202),Skeptical,Med,No,Low,1.0,1.0,,Truck,
Shucks Tavern,97.0,restaurant,4.7,29.3055721,-94.7912194,35,0,35,"414 21st Street, Galveston",POINT (-94.7912194 29.3055721),Curious,Med,No,Low,1.0,1.0,,Truck,
Gonzalo’s American Bistro,35.0,restaurant,5.0,29.3090727,-94.7778359,700,100,700,"415 9th Street, Galveston",POINT (-94.7778359 29.3090727),Curious,Med,No,Low,1.0,1.0,,Truck,
Mama Teresa's Flying Pizza,1875.0,restaurant,4.6,29.3055494,-94.7911778,175,25,175,"416 21st Street, Galveston",POINT (-94.7911778 29.3055494),Skeptical,Med,No,Low,1.0,2.0,,Truck,
The Wine Next Door,3.0,bar,5.0,29.3054682,-94.7911713,0,0,140.625,"418 21st Street, Galveston",POINT (-94.7911713 29.3054682),Curious,Med,No,Low,1.0,1.0,,Truck,
Seawall Bar,7.0,bar,4.9,29.2769262,-94.8086836,0,0,750,"4302 Seawall Boulevard, Galveston (Tru Hotel)",POINT (-94.8086836 29.2769262),Skeptical,Med,No,Low,1.0,2.0,,Truck,
KritiKos Olympia Grill,379.0,restaurant,4.3,29.2734391,-94.8157266,105,15,105,"4908 Seawall Boulevard suite B, Galveston",POINT (-94.8157266 29.2734391),Curious,Med,No,Low,1.0,1.0,,Truck,
Bronco Burritos,289.0,restaurant,4.5,29.29176564,-94.82237832,7000,1000,7000,"4917 Broadway St Galveston, TX 77551",POINT (-94.822378320166 29.2917656429058),Skeptical,Med,No,Med,1.0,1.0,,Truck,
America's Kitchen,565.0,restaurant,4.4,29.3140986,-94.7755666,70,5,70,"500 Harborside Drive, Galveston",POINT (-94.7755666 29.3140986),Opp,Med,No,Low,1.0,1.0,,Truck,
Sharky's Tavern,757.0,restaurant,4.4,29.3037598,-94.7953346,,,1250,"504 25th Street, Galveston",POINT (-94.7953346 29.3037598),Skeptical,Med,No,High,2.0,2.0,,Truck,
H2O Pool + Bar,33.0,restaurant,3.5,29.2723853,-94.817417,7500,500,7500,"5222 Seawall Blvd Inside the San Luis Resort Galveston, TX 77551",POINT (-94.817417 29.2723853),Skeptical,Med,No,High,8.0,11.0,,Truck,
The Cove,46.0,bar,4.2,29.2725491,-94.8183102,0,0,140.625,"5222 Seawall Boulevard, Galveston",POINT (-94.8183102 29.2725491),Skeptical,Med,No,High,1.0,1.0,,Truck,
Landry's Prime Seafood & Steaks,637.0,restaurant,3.5,29.2707352,-94.82023169,,,93.75,"5310 Seawall Blvd Galveston, TX 77551",POINT (-94.8202316880881 29.270735202849),Skeptical,Med,No,High,1.0,1.0,,Truck,
Hooters,175.0,restaurant,2.0,29.2797,-94.83244,280,40,280,"6028 Heards Ln Galveston, TX 77551",POINT (-94.83244 29.2797),Skeptical,Med,No,Low,1.0,1.0,,Truck,
Golden Corral Buffet & Grill,4686.0,restaurant,4.2,29.2660613,-94.8282526,280,40,280,"6200 Seawall Boulevard, Galveston",POINT (-94.8282526 29.2660613),Skeptical,Med,No,Low,1.0,1.0,,Truck,
Tremont House Hotel,1.0,restaurant,2.0,29.27219042,-94.84080613,300,200,300,"2300 Mechanic st Galveston, TX 77550",POINT (-94.8408061274375 29.2721904155014),Curious,Med,Yes,High,1.0,1.0,,Truck,
Cafe in the Park,48.0,restaurant,3.0,29.27307241,-94.85089697,2000,800,2000,"7 Hope Blvd Galveston, TX 77554",POINT (-94.8508969682617 29.2730724079183),Skeptical,Med,No,High,3.0,3.0,,Truck,
Shearn's Seafood and Prime Steaks,110.0,restaurant,4.0,29.27082677,-94.85046387,0,0,93.75,"7 Hope Blvd Galveston, TX 77554",POINT (-94.8504638671875 29.270826769182),Skeptical,Med,No,High,1.0,1.0,,Truck,
Rice & Curry Indo-Pak Cuisine,759.0,restaurant,3.0,29.30747,-94.7743744,70,10,70,"712 7th Street, Galveston",POINT (-94.7743744 29.30747),Curious,Med,No,Low,1.0,1.0,,Truck,
PJ’s coffee,,cafe,,29.3114867,-94.7780584,,,625,"712 Texas Avenue, Galveston (UTMB)",POINT (-94.7780584 29.3114867),Curious,Med,No,High,1.0,1.0,,Truck,
Marina Bar & Grill,530.0,bar,4.3,29.3174591,-94.777354,350,50,350,"715 North Holiday Drive, Galveston",POINT (-94.777354 29.3174591),Oppositional,Med,No,Med,1.0,1.0,,Truck,
Dolphin World Inc No 2,5.0,restaurant,2.0,29.25173,-94.85317,210,30,210,"718 41st Str Galveston, TX 77550",POINT (-94.85317 29.25173),Skeptical,Med,No,Low,1.0,1.0,,Truck,
Number 13 Prime Steak and Seafood,1058.0,bar,4.5,29.2850878,-94.8575356,75,25,75,"7809 Broadway Street, Galveston",POINT (-94.8575356 29.2850878),Hesitant,Med,No,High,1.0,1.0,,Truck,
Galveston Primetime,1321.0,movie_theater,4.2,29.2530127,-94.8542107,4200,600,4200,"8902 Seawall Boulevard, Galveston Movie theatre)",POINT (-94.8542107 29.2530127),Skeptical,Med,No,Low,2.0,2.0,,Truck,
Palm Beach At Moody Gardens,958.0,amusement_park,4.5,29.275732,-94.850972,,,5500,"8928, 1 Hope Boulevard, Galveston",POINT (-94.850972 29.275732),Hesitant,Med,No,High,6.0,8.0,,Truck,
SEA BEAN Coffee Cafe,7.0,cafe,4.5,29.2506218,-94.8532271,,,750,"9001 Seawall Blvd Galveston, TX 77551 (Jimmies)",POINT (-94.8532271 29.2506218),Skeptical,Med,No,High,1.0,2.0,,Truck,
Jimmy's Curbside Restaurant and Grocery,8.0,restaurant,4.5,29.2506985,-94.8531793,,,750,"9001 Seawall Boulevard, Galveston",POINT (-94.8531793 29.2506985),Curious,Med,No,Med,1.0,2.0,,Truck,
Tin Cup's Caddy Shack,197.0,bar,4.6,29.2539288,-94.8556317,,,140.625,"9020 Stewart Road, Galveston",POINT (-94.8556317 29.2539288),Skeptical,Med,No,Low,1.0,1.0,,Truck,
Lone Star Rally-Bar Hq,6.0,bar,4.0,29.3015921,-94.7755315,,,140.625,"910 Avenue M, Galveston",POINT (-94.7755315 29.3015921),Curious,Med,No,Med,1.0,1.0,,Truck,
Jetty,30.0,restaurant,2.5,29.27279,-94.81661,,,93.75,HI seawall,POINT (-94.81661 29.27279),Skeptical,Med,No,High,1.0,1.0,,Truck,
Galveston Food Truck Park,6.0,food,5.0,29.1415146,-95.0404814,,,0,"Nest to the Wet Whistle Bar in Sea Isle, 21510 Termini-San Luis Pass Road, Galveston",POINT (-95.0404814 29.1415146),Skeptical,Med,No,Low,1.0,1.0,,Truck,
Blake's Bistro (under San Luis),70.0,restaurant,4.0,29.27254012,-94.81829196,0,0,93.75,San Luis Hotel,POINT (-94.8182919630244 29.2725401175338),Skeptical,Med,No,High,1.0,1.0,,Truck,
Bar 43,1.0,restaurant,1.0,29.2809684,-94.8108363,,,93.75,,POINT (-94.8108363 29.2809684),Currious,Med,No,Low,1.0,1.0,,Truck,
B. Jiggers Lounge,17.0,restaurant,2.5,29.2725013,-94.8166683,560,80,560,,POINT (-94.8166683 29.2725013),Skeptical,Med,No,High,1.0,1.0,,Truck,
Hummel's General Store & Deli,22.0,convenience store,4.5,29.20822,-94.9374899,700,100,700,,POINT (-94.9374899 29.20822),Skeptical,Med,No,Med,1.0,2.0,,Truck,
Grotto (under San Luis),136.0,restaurant,4.5,29.272606,-94.818427,0,0,93.75,,POINT (-94.818427 29.272606),Skeptional,Med,No,High,1.0,1.0,,Truck,
Rainforest Cafe,485.0,restaurant,3.0,29.27075307,-94.82020721,350,50,350,,POINT (-94.820207208395 29.270753067342),Skeptical,Med,No,High,1.0,1.0,,Truck,
Tortuga Mexican Kitchen,486.0,restaurant,3.0,29.26748848,-94.82559204,20,10,20,,POINT (-94.8255920410156 29.2674884796143),Opp,Med,No,Low,1.0,1.0,,Truck,
Rainforest Pyramid,26.0,restaurant,4.0,29.27548471,-94.85260158,,,750,"1 Hope Blvd Galveston, TX 77554",POINT (-94.8526015753142 29.2754847110984),Curious,Med,Yes,High,1.0,2.0,,Truck,
Aquarium Pyramid,56.0,restaurant,3.5,29.27236148,-94.85420043,,,750,"1 Hope Blvd Galveston, TX 77554",POINT (-94.8542004275391 29.2723614780696),Skeptical,Med,Yes,High,1.0,2.0,,Truck,
Moody Gardens Restaurant (shown under other restaurant),2.0,restaurant,3.0,29.2757299,-94.8520363,0,0,93.75,"1 Hope Boulevard, Galveston",POINT (-94.8520363 29.2757299),Skeptical,Med,Yes,High,1.0,1.0,,Truck,
Stuttgarden Tavern,2179.0,bar,4.2,29.3077483,-94.7947919,,,468.75,"111 23rd Street, Galveston",POINT (-94.7947919 29.3077483),Skeptical,Med,Yes,High,1.0,1.0,,Truck,
Mario's Pizza,219.0,restaurant,3.5,29.2082758,-94.9373606,0,0,93.75,"13708 Termini-san Luis Pass Rd Galveston, TX 77554",POINT (-94.9373606 29.2082758),Skeptical,Med,Yes,Low,1.0,1.0,,Truck,
The Original Mexican Cafe,2901.0,restaurant,4.3,29.3079298,-94.7836077,1015,145,1015,"1401 Market Street, Galveston",POINT (-94.7836077 29.3079298),Skeptical,Med,Yes,Low,1.0,1.0,,Truck,
Waterman's Restaurant,350.0,restaurant,3.0,29.2073822,-94.94924164,,,93.75,"14302 Stewart Rd Galveston, TX 77554",POINT (-94.9492416381836 29.2073822021484),Skeptical,Med,Yes,Med,1.0,1.0,,Truck,
Yamato,936.0,restaurant,4.4,29.2780918,-94.8316258,,,93.75,"2104 61st Street, Galveston",POINT (-94.8316258 29.2780918),Skeptical,Med,Yes,Low,1.0,1.0,,Truck,
Brewchachos Tacos & Cantina,1043.0,bar,4.2,29.3078756,-94.7925997,2800,400,2800,"2110 The Strand, Galveston",POINT (-94.7925997 29.3078756),Skeptical,Med,Yes,Med,1.0,1.0,,Truck,
Rosario`s flying pizza and pub,34.0,restaurant,4.6,29.3073255,-94.7928341,280,40,280,"2121 The Strand, Galveston",POINT (-94.7928341 29.3073255),Curious,Med,Yes,Low,1.0,1.0,,Truck,
MOD Coffeehouse,1811.0,cafe,4.7,29.305025,-94.7921056,1450,1250,1450,"2126 Postoffice St, Galveston",POINT (-94.7921056 29.305025),Skeptical,Med,Yes,Med,2.0,3.0,,Truck,
The Garden Thai Cuisine,146.0,restaurant,4.5,29.3065697,-94.7940546,210,30,210,"216 23rd Street, Galveston",POINT (-94.7940546 29.3065697),Skeptical,Med,Yes,Low,1.0,1.0,,Truck,
The Sandbar Grille,292.0,bar,4.0,29.1449775,-95.0470522,2000,1400,2000,"21706 Burnet Drive, Galveston",POINT (-95.0470522 29.1449775),Skeptical,Med,Yes,Med,1.0,1.0,,Truck,
Mario's Ristorante,215.0,restaurant,3.5,29.27708,-94.8315,210,175,210,"2202 61st St Galveston, TX 77551",POINT (-94.8315 29.27708),skeptical,Med,Yes,Med,1.0,1.0,,Truck,
Yaga's Cafe,1708.0,bar,4.4,29.3071481,-94.7949518,250,150,250,"2314 The Strand, Galveston",POINT (-94.7949518 29.3071481),Skeptical,Med,Yes,High,1.0,1.0,,Truck,
Brews Brothers,672.0,bar,4.3,29.3069004,-94.7958692,,,1125,"2404 The Strand, Galveston",POINT (-94.7958692 29.3069004),Skeptical,Med,Yes,Low,2.0,2.0,,Truck,
Bubba's on The Strand,113.0,bar,4.3,29.3065268,-94.7959158,,,1125,"2411 The Strand, Galveston",POINT (-94.7959158 29.3065268),Skeptical,Med,Yes,Low,2.0,2.0,,Truck,
Beerfoot Beach Bar,184.0,bar,4.4,29.2863254,-94.7942047,0,0,140.625,"2816 Avenue R 1/2, Galveston",POINT (-94.7942047 29.2863254),Skeptical,Med,Yes,High,1.0,1.0,,Truck,
Huli Huli Hut,1766.0,restaurant,4.3,29.3071699,-94.7892355,175,25,175,"312 19th Street, Galveston",POINT (-94.7892355 29.3071699),Skeptical,Med,Yes,Low,1.0,2.0,,Truck,
The Spot,12914.0,bar,4.3,29.2836047,-94.7980051,,,468.75,"3204 Seawall Boulevard, Galveston",POINT (-94.7980051 29.2836047),Skeptical,Med,Yes,High,1.0,1.0,,Truck,
Seahorse Grill,237.0,restaurant,4.5,29.24448719,-94.86803806,105,15,105,"3802 Cove View Blvd Ste C Galveston, TX 77554",POINT (-94.868038059798 29.244487190776),Curious,Med,Yes,Low,1.0,1.0,,Truck,
Suki Poke by the Sea,312.0,restaurant,4.4,29.3106151,-94.7726445,,,93.75,"427 Market Street, Galveston",POINT (-94.7726445 29.3106151),Skeptical,Med,Yes,Low,1.0,1.0,,Truck,
Papa's Pizza,475.0,restaurant,4.0,29.2765,-94.80952,3000,500,3000,"4400 Seawall Blvd Galveston, TX 77550",POINT (-94.80952 29.2765),Skeptical,Med,Yes,High,4.0,5.0,,Truck,
Koop's BBQ Kitchen,211.0,restaurant,4.8,29.2931568,-94.8173499,0,0,750,"4501 Broadway Avenue J, Galveston",POINT (-94.8173499 29.2931568),Skeptical,Med,Yes,Low,1.0,2.0,,Truck,
Salsas,5484.0,restaurant,4.3,29.275546,-94.811817,,,656.25,"4604 Seawall Boulevard, Galveston",POINT (-94.811817 29.275546),Skeptical,Med,Yes,Low,1.0,1.0,,Truck,
Russo's New York Pizzeria & Italian Kitchen - Galveston,1319.0,restaurant,4.3,29.3070053,-94.7717454,210,30,210,"500 Seawall Boulevard #300, Galveston",POINT (-94.7717454 29.3070053),Skeptical,Med,Yes,Low,1.0,1.0,,Truck,
Lolo Kai Smoothies and Wraps,338.0,restaurant,4.8,29.3039878,-94.7931018,,,750,"528 23rd Street, Galveston",POINT (-94.7931018 29.3039878),Curious,Med,Yes,Low,1.0,2.0,,Truck,
Gypsy Joynt,622.0,restaurant,4.5,29.27417239,-94.83164758,2000,1400,2000,"6105 Stewart Rd Galveston, TX 77551",POINT (-94.8316475822502 29.2741723877485),TBD,Med,Yes,Med,1.0,2.0,,Truck,
Café Canela,412.0,restaurant,4.6,29.2744235,-94.8308258,350,50,350,"6105 Stewart Road Suite C, Galveston",POINT (-94.8308258 29.2744235),Skeptical,Med,Yes,Low,1.0,1.0,,Truck,
Gino's Italian Restaurant and Pizzeria,1056.0,restaurant,4.3,29.2753139,-94.832217,35,5,35,"6124 Stewart Road, Galveston",POINT (-94.832217 29.2753139),Skeptical,Med,Yes,Low,1.0,1.0,,Truck,
Vida Agave,155.0,restaurant,4.7,29.30184,-94.795515,70,10,70,"711 25th Street, Galveston",POINT (-94.795515 29.30184),Skeptical,Med,Yes,Low,1.0,1.0,,Truck,
Seawall Coffee Company,47.0,restaurant,4.5,29.24463873,-94.86782336,1050,350,1050,,POINT (-94.8678233612548 29.244638725096),Curious,Med,Yes,Low,1.0,2.0,,Truck,
,,,,29.327492480392152,-94.77293767650016,,,,,,,,,,0.0,1.0,1000.0,Truck,outdoor
,,,,29.3066150729322,-94.80622984152676,,,,,,,,,,0.0,1.0,1003.0,Truck,outdoor
,,,,29.307076972140123,-94.80319324564574,,,,,,,,,,0.0,1.0,1004.0,Truck,outdoor
,,,,29.3123833091588,-94.78134476729088,,,,,,,,,,0.0,1.0,1006.0,Truck,outdoor
,,,,29.292139728627397,-94.8337225887035,,,,,,,,,,0.0,1.0,1010.0,Truck,outdoor
,,,,29.303024858193197,-94.78196938671564,,,,,,,,,,0.0,1.0,1011.0,Truck,outdoor
,,,,29.287709640220097,-94.86417580978328,,,,,,,,,,0.0,1.0,1017.0,Truck,outdoor
,,,,29.29108366340304,-94.83901023515826,,,,,,,,,,0.0,1.0,1018.0,Truck,outdoor
,,,,29.29042142675482,-94.8334411310532,,,,,,,,,,0.0,1.0,1019.0,Truck,outdoor
,,,,29.267539716885995,-94.85524271265918,,,,,,,,,,0.0,1.0,1020.0,Truck,outdoor
,,,,29.31011047969046,-94.77345456833449,,,,,,,,,,0.0,1.0,2000.0,Truck,outdoor
,,,,29.30692299243964,-94.77255791424268,,,,,,,,,,0.0,1.0,2001.0,Truck,outdoor
,,,,29.303174485909715,-94.78149423839945,,,,,,,,,,0.0,1.0,2002.0,Truck,outdoor
,,,,29.304348273085257,-94.77228403555635,,,,,,,,,,0.0,1.0,2003.0,Truck,outdoor
,,,,29.307855191372283,-94.77061008567384,,,,,,,,,,0.0,1.0,2004.0,Truck,outdoor
,,,,29.31903163297094,-94.74937088786088,,,,,,,,,,0.0,1.0,2005.0,Truck,outdoor
,,,,29.296987170079213,-94.79125240816202,,,,,,,,,,0.0,1.0,2006.0,Truck,outdoor
,,,,29.317084188399047,-94.77687451055668,,,,,,,,,,0.0,1.0,2008.0,Truck,outdoor
,,,,29.275166318239137,-94.82198101001254,,,,,,,,,,0.0,1.0,2009.0,Truck,outdoor
,,,,29.27510482953612,-94.81271795927027,,,,,,,,,,0.0,1.0,2011.0,Truck,outdoor
,,,,29.290079781803342,-94.80141651349544,,,,,,,,,,0.0,1.0,2012.0,Truck,outdoor
,,,,29.28713138145065,-94.7902187937728,,,,,,,,,,0.0,1.0,2013.0,Truck,outdoor
,,,,29.269059709958142,-94.82321262591007,,,,,,,,,,0.0,1.0,2014.0,Truck,outdoor
,,,,29.294467025132217,-94.8254596884219,,,,,,,,,,0.0,1.0,2015.0,Truck,outdoor
,,,,29.30149614872541,-94.79228185255494,,,,,,,,,,0.0,1.0,2016.0,Truck,outdoor
,,,,29.29032253864521,-94.83971047446586,,,,,,,,,,0.0,1.0,2017.0,Truck,outdoor
,,,,29.27008306635599,-94.82860688351526,,,,,,,,,,0.0,1.0,2018.0,Truck,outdoor
,,,,29.27466850361676,-94.8308675247102,,,,,,,,,,0.0,1.0,2019.0,Truck,outdoor
,,,,29.27588208130422,-94.83104920246144,,,,,,,,,,0.0,1.0,2020.0,Truck,outdoor
,,,,29.264478371825057,-94.8319366364599,,,,,,,,,,0.0,1.0,2021.0,Truck,outdoor
,,,,29.265467772956114,-94.86949678276189,,,,,,,,,,0.0,1.0,2022.0,Truck,outdoor
,,,,29.25802666551796,-94.8585634701748,,,,,,,,,,0.0,1.0,2023.0,Truck,outdoor
,,,,29.243452340388263,-94.86778062999728,,,,,,,,,,0.0,1.0,2024.0,Truck,outdoor
,,,,29.200509132181256,-94.94920025811072,,,,,,,,,,0.0,1.0,2025.0,Truck,outdoor
,,,,29.2085240573132,-94.93739816125932,,,,,,,,,,0.0,1.0,2026.0,Truck,outdoor
,,,,29.144976394730858,-95.0468334206239,,,,,,,,,,0.0,1.0,2027.0,Truck,outdoor
,,,,29.085700851392566,-95.11776778416598,,,,,,,,,,0.0,1.0,2028.0,Truck,outdoor
,,,,29.330690124659,-94.73484853399322,,,,,,,,,,0.0,1.0,3000.0,Truck,outdoor
,,,,29.3320127193003,-94.73960832343784,,,,,,,,,,0.0,1.0,3001.0,Truck,outdoor
,,,,29.32605153615685,-94.74227712140768,,,,,,,,,,0.0,1.0,3002.0,Truck,outdoor
,,,,29.32322311143816,-94.7449019143859,,,,,,,,,,0.0,1.0,3003.0,Truck,outdoor
,,,,29.30764081524064,-94.76572801010091,,,,,,,,,,0.0,1.0,3004.0,Truck,outdoor
,,,,29.306890391999296,-94.76679385290824,,,,,,,,,,0.0,1.0,3005.0,Truck,outdoor
,,,,29.306065117409027,-94.767950723184,,,,,,,,,,0.0,1.0,3006.0,Truck,outdoor
,,,,29.305082322225285,-94.7692474874237,,,,,,,,,,0.0,1.0,3007.0,Truck,outdoor
,,,,29.298333179256616,-94.77754696577183,,,,,,,,,,0.0,1.0,3008.0,Truck,outdoor
,,,,29.27677205068795,-94.8082561071602,,,,,,,,,,0.0,1.0,3009.0,Truck,outdoor
,,,,29.278482396580216,-94.80526213325668,,,,,,,,,,0.0,1.0,3010.0,Truck,outdoor
,,,,29.28038269046843,-94.80236790400106,,,,,,,,,,0.0,1.0,3011.0,Truck,outdoor
,,,,29.282876114591787,-94.79867731012496,,,,,,,,,,0.0,1.0,3012.0,Truck,outdoor
,,,,29.28506169914705,-94.79493642483013,,,,,,,,,,0.0,1.0,3013.0,Truck,outdoor
,,,,29.28645386043989,-94.79283633899044,,,,,,,,,,0.0,1.0,3014.0,Truck,outdoor
,,,,29.289013989903104,-94.78918032046477,,,,,,,,,,0.0,1.0,3015.0,Truck,outdoor
,,,,29.291804838061307,-94.7855794129526,,,,,,,,,,0.0,1.0,3016.0,Truck,outdoor
,,,,29.29478947063417,-94.78168618656736,,,,,,,,,,0.0,1.0,3017.0,Truck,outdoor
,,,,29.27425339937392,-94.8124062388772,,,,,,,,,,0.0,1.0,3018.0,Truck,outdoor
,,,,29.27207251896977,-94.81618144806576,,,,,,,,,,0.0,1.0,3019.0,Truck,outdoor
,,,,29.270206728176856,-94.81987694535516,,,,,,,,,,0.0,1.0,3020.0,Truck,outdoor
,,,,29.266291220605424,-94.8262520532695,,,,,,,,,,0.0,1.0,3021.0,Truck,outdoor
,,,,29.263467832281307,-94.83155513372616,,,,,,,,,,0.0,1.0,3022.0,Truck,outdoor
,,,,29.2581766503582,-94.841316614341,,,,,,,,,,0.0,1.0,3023.0,Truck,outdoor
,,,,29.260958542086108,-94.8361248635164,,,,,,,,,,0.0,1.0,3024.0,Truck,outdoor
,,,,29.2405914297026,-94.8738468189325,,,,,,,,,,0.0,1.0,3025.0,Truck,outdoor
,,,,29.292771721098887,-94.79551215028134,,,,,,,,,,0.0,1.0,3026.0,Truck,outdoor
,,,,29.2724794692196,-94.84125378845,,,,,,,,,,0.0,1.0,3027.0,Truck,outdoor
,,,,29.260198462095197,-94.84864400281596,,,,,,,,,,0.0,1.0,3028.0,Truck,outdoor
,,,,29.33442883012103,-94.77960042237318,,,,,,,,,,0.0,1.0,3029.0,Truck,outdoor
,,,,29.23872499917516,-94.87811761972976,,,,,,,,,,0.0,1.0,3030.0,Truck,outdoor
,,,,29.2277225320811,-94.89604294830498,,,,,,,,,,0.0,1.0,3031.0,Truck,outdoor
,,,,29.210431153328607,-94.9278228922708,,,,,,,,,,0.0,1.0,3032.0,Truck,outdoor
,,,,29.19352527673134,-94.95403603262106,,,,,,,,,,0.0,1.0,3033.0,Truck,outdoor
,,,,29.196347559108165,-94.95608616231785,,,,,,,,,,0.0,1.0,3034.0,Truck,outdoor
Moody Gardens,,,,29.2736,-94.8523,,,,,,,,,,0.0,0.0,,,depot
