Longitude,Latitude,Name,user_ratings_total,category,rating,weekly_high,weekly_low,best_weekly_estimate,Address,geometry,Adoption,Adoption Guess,Visited ,Influence,location_type,pickup_type,Weekly_Dropoff_Totes,Daily_Pickup_Totes,id
-94.8523,29.2736,,,,,,,,,,,,,,,,,,
-94.8704183,29.2610286,Sugar Bean,476.0,cafe,4.7,200,50,200,"11 Evia Main, Galveston",POINT (-94.8704183 29.2610286),Curious,High,No,High,indoor,truck,1.0,1.0,
-94.7913851,29.2989118,MAC-IES,73.0,restaurant,5.0,1500,1050,1500,"1110 23rd Street, Galveston",POINT (-94.7913851 29.2989118),Curious,High,No,Low,indoor,truck,1.0,1.0,
-94.808531,29.2906119,Good Dough,68.0,bakery,4.6,70,35,70,"1508 39th Street, Galveston",POINT (-94.808531 29.2906119),Curious,High,No,Med,indoor,truck,1.0,1.0,
-94.7501916,29.3195806,Porch Cafe,332.0,restaurant,4.1,300,,100,"1625 East Beach Drive #2A, Galveston",POINT (-94.7501916 29.3195806),Curious,High,No,Low,indoor,truck,1.0,1.0,
-94.789455,29.308158,Coastal Grill,814.0,restaurant,4.6,500,100,500,"1827 The Strand, Galveston",POINT (-94.789455 29.308158),Skeptical,High,No,Med,indoor,truck,1.0,1.0,
-94.8182868,29.3154967,Texas A&M University at Galveston,121.0,university,4.6,?,,?,"200 Seawolf Parkway, Galveston",POINT (-94.8182868 29.3154967),Curious,High,No,High,indoor,truck,1.0,1.0,
-94.791081,29.3053363,Rudy & Paco Restaurant and Bar,892.0,bar,4.7,100,75,100,"2028 Postoffice St, Galveston",POINT (-94.791081 29.3053363),Hesitant,High,No,High,indoor,truck,1.0,1.0,
-94.7913854,29.3052268,Vargas Cut and Catch (listed above),297.0,bar,4.8,35,49,35,"2102 Postoffice Street, Galveston",POINT (-94.7913854 29.3052268),Curious,High,No,High,indoor,truck,,,
-94.792103,29.3056002,MarMo Cafe & Lounge,19.0,bar,4.8,140,35,140,"2121 Market Street suite 101, Galveston",POINT (-94.792103 29.3056002),High,High,No,Med,indoor,truck,1.0,1.0,
-94.7948312,29.3062632,Toujouse (listed under Tremont House),6.0,cafe,5.0,0,0,625,"2300 Ship Mechanic Row Street, Galveston",POINT (-94.7948312 29.3062632),Curious,High,No,High,indoor,truck,1.0,1.0,
-94.7945911,29.3060402,The Pink Foyer Sweets Boutique,1.0,bakery,5.0,0,0,112.5,"2315 Mechanic Street, Galveston",POINT (-94.7945911 29.3060402),Curious,High,No,Low,indoor,truck,1.0,1.0,
-94.795454,29.3070258,Riondo's Ristorante,758.0,restaurant,4.5,70,70,70,"2328 The Strand, Galveston",POINT (-94.795454 29.3070258),Fan,High,No,Med,indoor,truck,1.0,1.0,
-94.7944536,29.3031184,Sugar & Rye,128.0,restaurant,4.8,35,70,35,"2401 Church Street, Galveston",POINT (-94.7944536 29.3031184),Curious,High,No,Low,indoor,truck,1.0,1.0,
-94.7988412,29.3042052,Maceo Spice & Import Company,564.0,restaurant,4.7,1050,420,1050,"2706 Market Street, Galveston",POINT (-94.7988412 29.3042052),Fan,High,No,Med,indoor,truck,1.0,1.0,
-94.7939604,29.2865539,BLVD Seafood (all of Yagas Entertainment),2158.0,restaurant,4.5,400,105,400,"2804 Avenue R 1/2, Galveston",POINT (-94.7939604 29.2865539),Skeptical,High,No,High,indoor,truck,1.0,1.0,
-94.8084945,29.2840785,Galveston College,65.0,university,4.4,20,20,20,"4015 Avenue Q, Galveston",POINT (-94.8084945 29.2840785),Curious,High,No,High,indoor,truck,1.0,1.0,
-94.8567631,29.2876496,Galveston College Charlie Thomas Family Applied Technology Center,9.0,university,5.0,0,0,1875,"7626 Broadway Street, Galveston",POINT (-94.8567631 29.2876496),Skeptical,High,No,Med,indoor,truck,2.0,3.0,
-94.8627,29.28896,Galveston Country club,88.0,restaurant,4.5,500,100,500,"14888 Stewart rd Galveston, TX 77554",POINT (-94.8627 29.28896),Curious,High,Yes,Med,indoor,truck,1.0,1.0,
-94.807822,29.284711,Mr. C's Dugout @Galveston College,2.0,restaurant,3.0,,,93.75,"Student Center, 4015 Avenue Q, Galveston",POINT (-94.807822 29.284711),Curious,High,No,High,indoor,truck,1.0,1.0,
-94.7913851,29.2989118,Galveston Bagel Company,140.0,bakery,4.7,2100,1750,2100,"1110 23rd Street, Galveston",POINT (-94.7913851 29.2989118),Curious,High,Yes,Low,indoor,truck,1.0,1.0,
-94.7832253,29.3005619,Shykatz,930.0,cafe,4.6,800,500,800,"1528 Avenue L, Galveston",POINT (-94.7832253 29.3005619),Curious,High,Yes,Med,indoor,truck,1.0,2.0,
-94.8316408,29.2769392,Cajun Greek,999.0,restaurant,4.0,50,25,50,"2226 61st St Galveston, TX 77551",POINT (-94.8316408 29.2769392),Curious,High,Yes,Med,indoor,truck,1.0,1.0,
-94.7988738,29.3038963,Leeland House Galveston,51.0,bar,4.6,140,70,140,"2711 Market Street, Galveston",POINT (-94.7988738 29.3038963),Skeptical,High,Yes,Med,indoor,truck,1.0,1.0,
-94.7995497,29.3040468,Red Light Coffee Roasters,305.0,cafe,4.6,150,100,150,"2728 Market Street, Galveston",POINT (-94.7995497 29.3040468),Curious,High,Yes,Med,indoor,truck,1.0,1.0,
-94.8045,29.2796255,Gaido's,5568.0,restaurant,4.4,140,0,140,"3828 Seawall Boulevard, Galveston",POINT (-94.8045 29.2796255),Curious,High,Yes,High,indoor,truck,1.0,1.0,
-94.795793,29.3044994,Eatcetera,299.0,restaurant,4.5,42,42,42,"408 25th Street, Galveston",POINT (-94.795793 29.3044994),Raving Fan,High,Yes,Med,indoor,truck,1.0,1.0,
-94.7931581,29.304249,Star Drug Store,1247.0,restaurant,4.5,140,35,140,"510 23rd Street, Galveston",POINT (-94.7931581 29.304249),Curious,High,Yes,Low,indoor,truck,1.0,2.0,
-94.7829794,29.3070498,The Sunflower Bakery & Cafe,3947.0,cafe,4.6,350,350,350,"512 14th Street, Galveston",POINT (-94.7829794 29.3070498),Skeptical,High,Yes,High,indoor,truck,1.0,1.0,
-94.7825488,29.3057145,Mosquito Cafe,2625.0,restaurant,4.4,300,150,300,"628 14th Street, Galveston",POINT (-94.7825488 29.3057145),Fan,High,Yes,High,indoor,truck,1.0,1.0,
-94.78242,29.3054245,PattyCakes Bakery,317.0,bakery,4.2,0,0,150,"704 14th Street, Galveston",POINT (-94.78242 29.3054245),Fan,High,Yes,High,indoor,truck,1.0,1.0,
-94.8412938,29.2592634,Sapori,365.0,restaurant,4.5,0,0,93.75,"7611 Stewart Road, Galveston",POINT (-94.8412938 29.2592634),Curious,High,Yes,Low,indoor,truck,1.0,1.0,
-94.7925989,29.2990826,galveston vfw hall,18.0,restaurant,4.8,,,93.75,"1014 24th Street Rear, Galveston",POINT (-94.7925989 29.2990826),Skeptical,Med,No,Low,indoor,truck,1.0,1.0,
-94.8780445,29.2407199,Cooper's Landing,219.0,restaurant,4.3,700,280,700,"11150 Termini-San Luis Pass Road, Galveston",POINT (-94.8780445 29.2407199),Skeptical,Med,No,Low,indoor,truck,1.0,1.0,
-94.7897517,29.3090318,Cruise Plaza,82.0,restaurant,4.2,140,70,140,"112 19th Street, Galveston",POINT (-94.7897517 29.3090318),Skeptical,Med,No,Low,indoor,truck,1.0,1.0,
-94.83056,29.2755,Panda Express,10.0,restaurant,2.0,3360,3360,3360,"11745 San Luis Pass Rd Galveston, TX 77554",POINT (-94.83056 29.2755),Skeptical,Med,No,Low,indoor,truck,1.0,2.0,
-94.7909307,29.308418,Mr. Taco,,restaurant,,0,0,93.75,"120 20th Street, Galveston",POINT (-94.7909307 29.308418),Curious,Med,No,Low,indoor,truck,1.0,1.0,
-94.7781673,29.2981818,Benno's Cajun Seafood Restaurant,3094.0,restaurant,4.1,500,100,500,"1212 Seawall Boulevard, Galveston",POINT (-94.7781673 29.2981818),Skeptical,Med,No,Med,indoor,truck,1.0,1.0,
-94.7909648,29.2976696,Bambú,780.0,restaurant,4.5,1050,150,1050,"1220 23rd Street, Galveston",POINT (-94.7909648 29.2976696),Skeptical,Med,No,Low,indoor,truck,1.0,1.0,
-94.8706411,29.2610884,Lil’ Buffalo Grille,216.0,restaurant,4.8,350,35,350,"13 Evia Main, Galveston",POINT (-94.8706411 29.2610884),Curious,Med,No,Low,indoor,truck,1.0,1.0,
-94.7808646,29.296032,Saltgrass Steak House,3775.0,restaurant,4.4,,,656.25,"1502 Seawall Boulevard, Galveston",POINT (-94.7808646 29.296032),Skeptical,Med,No,High,indoor,truck,1.0,1.0,
-94.8085834,29.2905544,Chef Mary Bass,52.0,caterer,4.8,,,112.5,"1510 39th Street, Galveston",POINT (-94.8085834 29.2905544),Curious,Med,No,Med,indoor,truck,1.0,1.0,
-94.8085269,29.2894221,Nick's,4.0,restaurant,3.5,,,93.75,"1613 39th Street, Galveston",POINT (-94.8085269 29.2894221),Skeptical,Med,No,High,indoor,truck,1.0,1.0,
-94.7828729,29.2944602,Longboard Pool Bar,292.0,bar,4.1,,,140.625,"1702 Seawall Boulevard, Galveston",POINT (-94.7828729 29.2944602),Skeptical,Med,No,High,indoor,truck,1.0,1.0,
-94.8059756,29.2891349,Pennies Tex Mex Take Out,391.0,restaurant,4.7,350,105,350,"1713 37th Street, Galveston",POINT (-94.8059756 29.2891349),Curious,Med,No,Low,indoor,truck,1.0,2.0,
-94.9850694,29.1752194,Nate's Westend Seafood & Steaks,1470.0,restaurant,4.0,,,93.75,"17515 Termini-San Luis Pass Road, Galveston",POINT (-94.9850694 29.1752194),Skeptical,Med,No,Low,indoor,truck,1.0,1.0,
-94.7889025,29.2918404,Fish Company Taco,368.0,restaurant,4.8,100,50,100,"1914 23rd Street, Galveston",POINT (-94.7889025 29.2918404),Skeptical,Med,No,Low,indoor,truck,1.0,1.0,
-94.7912952,29.3100166,Katie's Seafood House,3045.0,restaurant,4.6,210,35,210,"2000 Wharf Road, Galveston",POINT (-94.7912952 29.3100166),Curious,Med,No,High,indoor,truck,1.0,1.0,
-94.790643,29.3050765,Saltwater Grill,653.0,restaurant,4.4,280,70,280,"2017 Postoffice Street, Galveston",POINT (-94.790643 29.3050765),Skeptical,Med,No,High,indoor,truck,1.0,1.0,
-94.790723,29.3079594,Drunken Monkeyz,324.0,bar,4.3,0,0,1125,"202 20th Street, Galveston",POINT (-94.790723 29.3079594),Skeptical,Med,No,Low,indoor,truck,2.0,2.0,
-94.791623,29.3076238,Hubcap Grill,1268.0,bar,4.3,420,140,420,"2021 The Strand #3, Galveston",POINT (-94.791623 29.3076238),Skeptical,Med,No,Med,indoor,truck,1.0,1.0,
-94.7863581,29.2925893,Monarch Restaurant,5.0,restaurant,3.2,0,0,93.75,"2024 Seawall Boulevard, Galveston",POINT (-94.7863581 29.2925893),Cuirous,Med,No,Not open yet,indoor,truck,1.0,1.0,
-94.7863059,29.2928214,Galvez Bar & Grill,505.0,restaurant,4.3,415,210,415,"2024 Seawall Boulevard, Galveston",POINT (-94.7863059 29.2928214),Skeptical,Med,No,Med,indoor,truck,1.0,1.0,
-94.792803,29.309303,Willie G's Seafood & Steaks,3060.0,restaurant,4.3,3500,500,3500,"2100 Harborside Drive, Galveston",POINT (-94.792803 29.309303),Skeptical,Med,No,High,indoor,truck,1.0,1.0,
-94.791404,29.3049299,Taquilo's Tex-Mex,1427.0,restaurant,4.3,420,140,420,"2101 Postoffice St, Galveston",POINT (-94.791404 29.3049299),Skeptical,Med,No,High,indoor,truck,1.0,2.0,
-94.7914472,29.3049316,Sky Bar,378.0,restaurant,4.3,210,70,210,"2105 Postoffice St, Galveston",POINT (-94.7914472 29.3049316),Skeptical,Med,No,High,indoor,truck,1.0,1.0,
-94.7914734,29.304882,Little Daddy’s Gumbo Bar - Galveston,1634.0,restaurant,4.5,1050,175,1050,"2107 Postoffice Street, Galveston",POINT (-94.7914734 29.304882),Skeptical,Med,No,High,indoor,truck,1.0,1.0,
-94.8517369,29.2703671,Schlitterbahn Waterpark Galveston,4957.0,amusement_park,4.3,,,5500,"2109 Gene Lucas Blvd, Galveston",POINT (-94.8517369 29.2703671),Skeptical,Med,No,Med,indoor,truck,6.0,8.0,
-94.79194,29.3051204,Hey Mikey's Ice Cream,818.0,cafe,4.6,,,625,"2120 Postoffice St, Galveston",POINT (-94.79194 29.3051204),Skeptical,Med,No,High,indoor,truck,1.0,1.0,
-94.7944665,29.3065367,Vintage Crown Michelada Bar & Taqueria,207.0,bar,4.6,,,140.625,"215 23rd Street, Galveston",POINT (-94.7944665 29.3065367),Skeptical,Med,No,Low,indoor,truck,1.0,1.0,
-95.0470457,29.1449947,The West End Marina and Restaurants,803.0,bar,4.1,300,150,300,"21706 Burnet Drive, Galveston",POINT (-95.0470457 29.1449947),Skeptical,Med,No,Med,indoor,truck,1.0,1.0,
-94.7936367,29.3089314,Fisherman's Wharf,5747.0,restaurant,4.4,700,140,700,"2200 Harborside Drive, Galveston",POINT (-94.7936367 29.3089314),Skeptical,Med,No,High,indoor,truck,1.0,1.0,
-94.7941601,29.3070637,Axecade,113.0,restaurant,4.8,2100,300,2100,"2217 Strand St Second Floor 217, 2217 The Strand Suite 217, Galveston",POINT (-94.7941601 29.3070637),Skeptical,Med,No,Low,indoor,truck,1.0,1.0,
-94.81892221,29.3131588,Britton's Bistro (Murdocks),2.0,restaurant,4.5,,,750,"2226 71st St Galveston, TX 77551",POINT (-94.8189222054326 29.3131588001007),Curious,Med,No,Med,indoor,truck,1.0,2.0,
-94.7951202,29.3072052,Tsunami Tequila Emporium,165.0,bar,4.1,0,0,140.625,"2314 The Strand, Galveston",POINT (-94.7951202 29.3072052),Skeptical,Med,No,High,indoor,truck,1.0,1.0,
-94.795242,29.30667,Playground Patio Bar & Grill,216.0,bar,4.4,,,140.625,"2325 The Strand, Galveston",POINT (-94.795242 29.30667),Skeptical,Med,No,Low,indoor,truck,1.0,1.0,
-94.7948097,29.3040367,Press Box,320.0,bar,4.4,70,10,70,"2401 Postoffice Street, Galveston",POINT (-94.7948097 29.3040367),Hesitant,Med,No,Med,indoor,truck,2.0,2.0,
-94.7957083,29.3069439,Shark Shack,1607.0,bar,4.6,210,30,210,"2402 The Strand, Galveston",POINT (-94.7957083 29.3069439),Skeptical,Med,No,Med,indoor,truck,1.0,1.0,
-94.7951116,29.3043679,Jack's Pub On Post Office,316.0,bar,4.6,210,30,210,"2406 Postoffice St, Galveston",POINT (-94.7951116 29.3043679),Hesitant,Med,No,Low,indoor,truck,2.0,2.0,
-94.796027,29.3068691,Hearsay On The Strand,1103.0,restaurant,4.4,35,5,35,"2410 The Strand, Galveston",POINT (-94.796027 29.3068691),Skeptical,Med,No,Low,indoor,truck,1.0,1.0,
-94.7959472,29.3066379,Patrick’s Bar,174.0,bar,4.3,350,50,350,"2411 The Strand B, Galveston",POINT (-94.7959472 29.3066379),Skeptical,Med,No,Low,indoor,truck,1.0,1.0,
-94.7954706,29.3041632,Trini Mike's Island Time Kitchen (Food Truck),5.0,restaurant,4.2,,,93.75,"2424 Post Office, Galveston (Sharkeys)",POINT (-94.7954706 29.3041632),Skeptical,Med,No,Low,indoor,truck,1.0,1.0,
-94.794797,29.3015187,La Estacion Restaurant,442.0,restaurant,4.3,175,25,175,"2428 Avenue H, Galveston",POINT (-94.794797 29.3015187),Skeptical,Med,No,Low,indoor,truck,1.0,1.0,
-94.7911531,29.2896039,Robert's Lafitte,122.0,bar,4.5,600,400,600,"2501 Avenue Q, Galveston",POINT (-94.7911531 29.2896039),Currious,Med,No,Med,indoor,truck,1.0,1.0,
-94.790157,29.28785,Bubba Gump Shrimp Co.,6587.0,restaurant,4.0,140,20,140,"2501 Seawall Boulevard, Galveston",POINT (-94.790157 29.28785),Skeptical,Med,No,High,indoor,truck,1.0,1.0,
-94.7908591,29.2882774,Fish Tales,5546.0,restaurant,4.0,280,40,280,"2502 Seawall Boulevard, Galveston",POINT (-94.7908591 29.2882774),Skeptical,Med,No,High,indoor,truck,1.0,1.0,
-94.7958306,29.3013951,Shrimp 'N Stuff Downtown,1785.0,restaurant,4.5,1400,200,1400,"2506 Avenue H, Galveston",POINT (-94.7958306 29.3013951),Skeptical,Med,No,Low,indoor,truck,1.0,2.0,
-94.79937,29.3041968,Freckleberry Teahouse,78.0,cafe,4.9,,,625,"2724 Market Street, Galveston",POINT (-94.79937 29.3041968),Curious,Med,No,Med,indoor,truck,1.0,1.0,
-94.82903,29.27079,Taco Cabana,109.0,restaurant,2.0,2800,400,2800,"2729 61st St. Galveston, TX 77551",POINT (-94.82903 29.27079),Opp,Med,No,Low,indoor,truck,1.0,2.0,
-94.7944124,29.2859177,Float Pool & Patio Bar,1433.0,bar,4.2,?,?,,"2828 Seawall Boulevard, Galveston",POINT (-94.7944124 29.2859177),Skeptical,Med,No,Med,indoor,truck,1.0,1.0,
-94.7955743,29.2852319,The Poop Deck,235.0,bar,4.5,10000,500,10000,"2928 Seawall Boulevard, Galveston",POINT (-94.7955743 29.2852319),Skeptical,Med,No,Low,indoor,truck,1.0,1.0,
-94.7971187,29.2842203,Island time beach bar,12.0,bar,4.7,,,1125,"3102 Seawall Boulevard, Galveston",POINT (-94.7971187 29.2842203),Curious,Med,No,Low,indoor,truck,2.0,2.0,
-94.8026272,29.297634,Taqueria Flores,507.0,restaurant,4.5,,,750,"3202 Broadway Avenue J #4228, Galveston",POINT (-94.8026272 29.297634),Skeptical,Med,No,Low,indoor,truck,1.0,2.0,
-94.7981611,29.2836927,Under the Bun,6.0,restaurant,4.8,,,93.75,"3202 Seawall Boulevard, Galveston (SPOT)",POINT (-94.7981611 29.2836927),Skeptical,Med,No,High,indoor,truck,1.0,1.0,
-94.7980425,29.2837569,Squeeze,35.0,bar,3.5,,,140.625,"3204 Seawall Boulevard c, Galveston (spot)",POINT (-94.7980425 29.2837569),Skeptical,Med,No,High,indoor,truck,1.0,1.0,
-94.7979736,29.2836062,Tiki Bar,142.0,bar,4.3,,,1125,"3204 Seawall Boulevard Suite B, Galveston",POINT (-94.7979736 29.2836062),Skeptical,Med,No,High,indoor,truck,2.0,2.0,
-94.7980166,29.2837156,SideYard,106.0,bar,4.2,,,140.625,"3204 Seawall Boulevard Suite D, Galveston",POINT (-94.7980166 29.2837156),Skeptical,Med,No,High,indoor,truck,1.0,1.0,
-94.7979948,29.2835904,Rum Shack,221.0,bar,4.3,,,140.625,"3204 Seawall Boulevard Suite E, Galveston",POINT (-94.7979948 29.2835904),Skeptical,Med,No,High,indoor,truck,1.0,1.0,
-94.7981973,29.2836623,Drip,2.0,bar,5.0,1500,150,1500,"3204 Seawall Boulevard, Galveston",POINT (-94.7981973 29.2836623),Skeptical,Med,No,High,indoor,truck,1.0,1.0,
-94.7940474,29.3054649,Black Pearl Oyster Bar,2224.0,restaurant,4.4,105,15,105,"327 23rd Street, Galveston",POINT (-94.7940474 29.3054649),Skeptical,Med,No,Low,indoor,truck,1.0,1.0,
-94.8035795,29.2965863,La Michoacana Meat Market,286.0,supermarket,4.0,350,50,350,"3301 Broadway Avenue J, Galveston",POINT (-94.8035795 29.2965863),Skeptical,Med,No,Low,indoor,truck,1.0,2.0,
-94.8011997,29.2834997,Queen's Bar-B-Que,1311.0,restaurant,4.3,700,100,700,"3428 Avenue S, Galveston",POINT (-94.8011997 29.2834997),Skeptical,Med,No,Low,indoor,truck,1.0,2.0,
-94.8014962,29.2815703,Joe's Crab Shack,4371.0,restaurant,3.8,245,35,245,"3502 Seawall Boulevard, Galveston",POINT (-94.8014962 29.2815703),Skeptical,Med,No,High,indoor,truck,1.0,1.0,
-94.8018983,29.2811811,The Gumbo Diner,3842.0,restaurant,4.4,350,50,350,"3602 Seawall Boulevard, Galveston",POINT (-94.8018983 29.2811811),Skeptical,Med,No,High,indoor,truck,1.0,1.0,
-94.8091242,29.2983795,Rail Road Museum,408.0,restaurant,4.6,400,100,400,"2602 Santa Fe Pl, Galveston",POINT (-94.8091242 29.2983795),Curious,med,Yes,Low,indoor,truck,,,
-94.8037861,29.2798569,Redfish Pool Bar,7.0,bar,2.9,,,140.625,"3788 Seawall Boulevard, Galveston",POINT (-94.8037861 29.2798569),Skeptical,Med,No,High,indoor,truck,1.0,1.0,
-94.8040028,29.2797917,Nick's Kitchen and Beach Bar,3609.0,restaurant,4.2,,,656.25,"3802 Seawall Boulevard, Galveston",POINT (-94.8040028 29.2797917),Skeptical,Med,No,High,indoor,truck,1.0,1.0,
-94.8095633,29.293314,Cordray Drug Store,28.0,convenience store,4.5,,,750,"3827 Ave L Galveston, TX 77550",POINT (-94.8095633 29.293314),Curious,Med,No,Med,indoor,truck,1.0,2.0,
-94.80844,29.28874,Shrimp N Stuff,1441.0,restaurant,4.0,1050,150,1050,"3901 Ave O Galveston, TX 77550",POINT (-94.80844 29.28874),Skeptical,Med,No,High,indoor,truck,1.0,2.0,
-94.8077385,29.285577,Whitecaps,,university,,0,0,1875,"3916 Avenue Q, Galveston",POINT (-94.8077385 29.285577),Curious,med,No,low,indoor,truck,,,
-94.8072763,29.2777842,Mr Taco & Limon Paradise,129.0,restaurant,4.1,350,50,350,"4112 Seawall Boulevard, Galveston",POINT (-94.8072763 29.2777842),Curious,Med,No,Med,indoor,truck,1.0,2.0,
-94.7901585,29.306202,Trattoria La Vigna,563.0,restaurant,4.6,0,0,93.75,"412 20th Street, Galveston",POINT (-94.7901585 29.306202),Skeptical,Med,No,Low,indoor,truck,1.0,1.0,
-94.7912194,29.3055721,Shucks Tavern,97.0,restaurant,4.7,35,0,35,"414 21st Street, Galveston",POINT (-94.7912194 29.3055721),Curious,Med,No,Low,indoor,truck,1.0,1.0,
-94.7778359,29.3090727,Gonzalo’s American Bistro,35.0,restaurant,5.0,700,100,700,"415 9th Street, Galveston",POINT (-94.7778359 29.3090727),Curious,Med,No,Low,indoor,truck,1.0,1.0,
-94.7911778,29.3055494,Mama Teresa's Flying Pizza,1875.0,restaurant,4.6,175,25,175,"416 21st Street, Galveston",POINT (-94.7911778 29.3055494),Skeptical,Med,No,Low,indoor,truck,1.0,2.0,
-94.7911713,29.3054682,The Wine Next Door,3.0,bar,5.0,0,0,140.625,"418 21st Street, Galveston",POINT (-94.7911713 29.3054682),Curious,Med,No,Low,indoor,truck,1.0,1.0,
-94.8086836,29.2769262,Seawall Bar,7.0,bar,4.9,0,0,750,"4302 Seawall Boulevard, Galveston (Tru Hotel)",POINT (-94.8086836 29.2769262),Skeptical,Med,No,Low,indoor,truck,1.0,2.0,
-94.8157266,29.2734391,KritiKos Olympia Grill,379.0,restaurant,4.3,105,15,105,"4908 Seawall Boulevard suite B, Galveston",POINT (-94.8157266 29.2734391),Curious,Med,No,Low,indoor,truck,1.0,1.0,
-94.82237832,29.29176564,Bronco Burritos,289.0,restaurant,4.5,7000,1000,7000,"4917 Broadway St Galveston, TX 77551",POINT (-94.822378320166 29.2917656429058),Skeptical,Med,No,Med,indoor,truck,1.0,1.0,
-94.7755666,29.3140986,America's Kitchen,565.0,restaurant,4.4,70,5,70,"500 Harborside Drive, Galveston",POINT (-94.7755666 29.3140986),Opp,Med,No,Low,indoor,truck,1.0,1.0,
-94.7953346,29.3037598,Sharky's Tavern,757.0,restaurant,4.4,,,1250,"504 25th Street, Galveston",POINT (-94.7953346 29.3037598),Skeptical,Med,No,High,indoor,truck,2.0,2.0,
-94.817417,29.2723853,H2O Pool + Bar,33.0,restaurant,3.5,7500,500,7500,"5222 Seawall Blvd Inside the San Luis Resort Galveston, TX 77551",POINT (-94.817417 29.2723853),Skeptical,Med,No,High,indoor,truck,8.0,11.0,
-94.8183102,29.2725491,The Cove,46.0,bar,4.2,0,0,140.625,"5222 Seawall Boulevard, Galveston",POINT (-94.8183102 29.2725491),Skeptical,Med,No,High,indoor,truck,1.0,1.0,
-94.82023169,29.2707352,Landry's Prime Seafood & Steaks,637.0,restaurant,3.5,,,93.75,"5310 Seawall Blvd Galveston, TX 77551",POINT (-94.8202316880881 29.270735202849),Skeptical,Med,No,High,indoor,truck,1.0,1.0,
-94.83244,29.2797,Hooters,175.0,restaurant,2.0,280,40,280,"6028 Heards Ln Galveston, TX 77551",POINT (-94.83244 29.2797),Skeptical,Med,No,Low,indoor,truck,1.0,1.0,
-94.8282526,29.2660613,Golden Corral Buffet & Grill,4686.0,restaurant,4.2,280,40,280,"6200 Seawall Boulevard, Galveston",POINT (-94.8282526 29.2660613),Skeptical,Med,No,Low,indoor,truck,1.0,1.0,
-94.84080613,29.27219042,Tremont House Hotel,1.0,restaurant,2.0,300,200,300,"2300 Mechanic st Galveston, TX 77550",POINT (-94.8408061274375 29.2721904155014),Curious,Med,Yes,High,indoor,truck,1.0,1.0,
-94.85089697,29.27307241,Cafe in the Park,48.0,restaurant,3.0,2000,800,2000,"7 Hope Blvd Galveston, TX 77554",POINT (-94.8508969682617 29.2730724079183),Skeptical,Med,No,High,indoor,truck,3.0,3.0,
-94.85046387,29.27082677,Shearn's Seafood and Prime Steaks,110.0,restaurant,4.0,0,0,93.75,"7 Hope Blvd Galveston, TX 77554",POINT (-94.8504638671875 29.270826769182),Skeptical,Med,No,High,indoor,truck,1.0,1.0,
-94.7743744,29.30747,Rice & Curry Indo-Pak Cuisine,759.0,restaurant,3.0,70,10,70,"712 7th Street, Galveston",POINT (-94.7743744 29.30747),Curious,Med,No,Low,indoor,truck,1.0,1.0,
-94.7780584,29.3114867,PJ’s coffee,,cafe,,,,625,"712 Texas Avenue, Galveston (UTMB)",POINT (-94.7780584 29.3114867),Curious,Med,No,High,indoor,truck,1.0,1.0,
-94.777354,29.3174591,Marina Bar & Grill,530.0,bar,4.3,350,50,350,"715 North Holiday Drive, Galveston",POINT (-94.777354 29.3174591),Oppositional,Med,No,Med,indoor,truck,1.0,1.0,
-94.85317,29.25173,Dolphin World Inc No 2,5.0,restaurant,2.0,210,30,210,"718 41st Str Galveston, TX 77550",POINT (-94.85317 29.25173),Skeptical,Med,No,Low,indoor,truck,1.0,1.0,
-94.8575356,29.2850878,Number 13 Prime Steak and Seafood,1058.0,bar,4.5,75,25,75,"7809 Broadway Street, Galveston",POINT (-94.8575356 29.2850878),Hesitant,Med,No,High,indoor,truck,1.0,1.0,
-94.8542107,29.2530127,Galveston Primetime,1321.0,movie_theater,4.2,4200,600,4200,"8902 Seawall Boulevard, Galveston Movie theatre)",POINT (-94.8542107 29.2530127),Skeptical,Med,No,Low,indoor,truck,2.0,2.0,
-94.850972,29.275732,Palm Beach At Moody Gardens,958.0,amusement_park,4.5,,,5500,"8928, 1 Hope Boulevard, Galveston",POINT (-94.850972 29.275732),Hesitant,Med,No,High,indoor,truck,6.0,8.0,
-94.8532271,29.2506218,SEA BEAN Coffee Cafe,7.0,cafe,4.5,,,750,"9001 Seawall Blvd Galveston, TX 77551 (Jimmies)",POINT (-94.8532271 29.2506218),Skeptical,Med,No,High,indoor,truck,1.0,2.0,
-94.8531793,29.2506985,Jimmy's Curbside Restaurant and Grocery,8.0,restaurant,4.5,,,750,"9001 Seawall Boulevard, Galveston",POINT (-94.8531793 29.2506985),Curious,Med,No,Med,indoor,truck,1.0,2.0,
-94.8556317,29.2539288,Tin Cup's Caddy Shack,197.0,bar,4.6,,,140.625,"9020 Stewart Road, Galveston",POINT (-94.8556317 29.2539288),Skeptical,Med,No,Low,indoor,truck,1.0,1.0,
-94.7755315,29.3015921,Lone Star Rally-Bar Hq,6.0,bar,4.0,,,140.625,"910 Avenue M, Galveston",POINT (-94.7755315 29.3015921),Curious,Med,No,Med,indoor,truck,1.0,1.0,
-94.81661,29.27279,Jetty,30.0,restaurant,2.5,,,93.75,HI seawall,POINT (-94.81661 29.27279),Skeptical,Med,No,High,indoor,truck,1.0,1.0,
-95.0404814,29.1415146,Galveston Food Truck Park,6.0,food,5.0,,,0,"Nest to the Wet Whistle Bar in Sea Isle, 21510 Termini-San Luis Pass Road, Galveston",POINT (-95.0404814 29.1415146),Skeptical,Med,No,Low,indoor,truck,1.0,1.0,
-94.81829196,29.27254012,Blake's Bistro (under San Luis),70.0,restaurant,4.0,0,0,93.75,San Luis Hotel,POINT (-94.8182919630244 29.2725401175338),Skeptical,Med,No,High,indoor,truck,1.0,1.0,
-94.8108363,29.2809684,Bar 43,1.0,restaurant,1.0,,,93.75,,POINT (-94.8108363 29.2809684),Currious,Med,No,Low,indoor,truck,1.0,1.0,
-94.8166683,29.2725013,B. Jiggers Lounge,17.0,restaurant,2.5,560,80,560,,POINT (-94.8166683 29.2725013),Skeptical,Med,No,High,indoor,truck,1.0,1.0,
-94.9374899,29.20822,Hummel's General Store & Deli,22.0,convenience store,4.5,700,100,700,,POINT (-94.9374899 29.20822),Skeptical,Med,No,Med,indoor,truck,1.0,2.0,
-94.818427,29.272606,Grotto (under San Luis),136.0,restaurant,4.5,0,0,93.75,,POINT (-94.818427 29.272606),Skeptional,Med,No,High,indoor,truck,1.0,1.0,
-94.82020721,29.27075307,Rainforest Cafe,485.0,restaurant,3.0,350,50,350,,POINT (-94.820207208395 29.270753067342),Skeptical,Med,No,High,indoor,truck,1.0,1.0,
-94.82559204,29.26748848,Tortuga Mexican Kitchen,486.0,restaurant,3.0,20,10,20,,POINT (-94.8255920410156 29.2674884796143),Opp,Med,No,Low,indoor,truck,1.0,1.0,
-94.85260158,29.27548471,Rainforest Pyramid,26.0,restaurant,4.0,,,750,"1 Hope Blvd Galveston, TX 77554",POINT (-94.8526015753142 29.2754847110984),Curious,Med,Yes,High,indoor,truck,1.0,2.0,
-94.85420043,29.27236148,Aquarium Pyramid,56.0,restaurant,3.5,,,750,"1 Hope Blvd Galveston, TX 77554",POINT (-94.8542004275391 29.2723614780696),Skeptical,Med,Yes,High,indoor,truck,1.0,2.0,
-94.8520363,29.2757299,Moody Gardens Restaurant (shown under other restaurant),2.0,restaurant,3.0,0,0,93.75,"1 Hope Boulevard, Galveston",POINT (-94.8520363 29.2757299),Skeptical,Med,Yes,High,indoor,truck,1.0,1.0,
-94.7947919,29.3077483,Stuttgarden Tavern,2179.0,bar,4.2,,,468.75,"111 23rd Street, Galveston",POINT (-94.7947919 29.3077483),Skeptical,Med,Yes,High,indoor,truck,1.0,1.0,
-94.9373606,29.2082758,Mario's Pizza,219.0,restaurant,3.5,0,0,93.75,"13708 Termini-san Luis Pass Rd Galveston, TX 77554",POINT (-94.9373606 29.2082758),Skeptical,Med,Yes,Low,indoor,truck,1.0,1.0,
-94.7836077,29.3079298,The Original Mexican Cafe,2901.0,restaurant,4.3,1015,145,1015,"1401 Market Street, Galveston",POINT (-94.7836077 29.3079298),Skeptical,Med,Yes,Low,indoor,truck,1.0,1.0,
-94.94924164,29.2073822,Waterman's Restaurant,350.0,restaurant,3.0,,,93.75,"14302 Stewart Rd Galveston, TX 77554",POINT (-94.9492416381836 29.2073822021484),Skeptical,Med,Yes,Med,indoor,truck,1.0,1.0,
-94.8316258,29.2780918,Yamato,936.0,restaurant,4.4,,,93.75,"2104 61st Street, Galveston",POINT (-94.8316258 29.2780918),Skeptical,Med,Yes,Low,indoor,truck,1.0,1.0,
-94.7925997,29.3078756,Brewchachos Tacos & Cantina,1043.0,bar,4.2,2800,400,2800,"2110 The Strand, Galveston",POINT (-94.7925997 29.3078756),Skeptical,Med,Yes,Med,indoor,truck,1.0,1.0,
-94.7928341,29.3073255,Rosario`s flying pizza and pub,34.0,restaurant,4.6,280,40,280,"2121 The Strand, Galveston",POINT (-94.7928341 29.3073255),Curious,Med,Yes,Low,indoor,truck,1.0,1.0,
-94.7921056,29.305025,MOD Coffeehouse,1811.0,cafe,4.7,1450,1250,1450,"2126 Postoffice St, Galveston",POINT (-94.7921056 29.305025),Skeptical,Med,Yes,Med,indoor,truck,2.0,3.0,
-94.7940546,29.3065697,The Garden Thai Cuisine,146.0,restaurant,4.5,210,30,210,"216 23rd Street, Galveston",POINT (-94.7940546 29.3065697),Skeptical,Med,Yes,Low,indoor,truck,1.0,1.0,
-95.0470522,29.1449775,The Sandbar Grille,292.0,bar,4.0,2000,1400,2000,"21706 Burnet Drive, Galveston",POINT (-95.0470522 29.1449775),Skeptical,Med,Yes,Med,indoor,truck,1.0,1.0,
-94.8315,29.27708,Mario's Ristorante,215.0,restaurant,3.5,210,175,210,"2202 61st St Galveston, TX 77551",POINT (-94.8315 29.27708),skeptical,Med,Yes,Med,indoor,truck,1.0,1.0,
-94.7949518,29.3071481,Yaga's Cafe,1708.0,bar,4.4,250,150,250,"2314 The Strand, Galveston",POINT (-94.7949518 29.3071481),Skeptical,Med,Yes,High,indoor,truck,1.0,1.0,
-94.7958692,29.3069004,Brews Brothers,672.0,bar,4.3,,,1125,"2404 The Strand, Galveston",POINT (-94.7958692 29.3069004),Skeptical,Med,Yes,Low,indoor,truck,2.0,2.0,
-94.7959158,29.3065268,Bubba's on The Strand,113.0,bar,4.3,,,1125,"2411 The Strand, Galveston",POINT (-94.7959158 29.3065268),Skeptical,Med,Yes,Low,indoor,truck,2.0,2.0,
-94.7942047,29.2863254,Beerfoot Beach Bar,184.0,bar,4.4,0,0,140.625,"2816 Avenue R 1/2, Galveston",POINT (-94.7942047 29.2863254),Skeptical,Med,Yes,High,indoor,truck,1.0,1.0,
-94.7892355,29.3071699,Huli Huli Hut,1766.0,restaurant,4.3,175,25,175,"312 19th Street, Galveston",POINT (-94.7892355 29.3071699),Skeptical,Med,Yes,Low,indoor,truck,1.0,2.0,
-94.7980051,29.2836047,The Spot,12914.0,bar,4.3,,,468.75,"3204 Seawall Boulevard, Galveston",POINT (-94.7980051 29.2836047),Skeptical,Med,Yes,High,indoor,truck,1.0,1.0,
-94.86803806,29.24448719,Seahorse Grill,237.0,restaurant,4.5,105,15,105,"3802 Cove View Blvd Ste C Galveston, TX 77554",POINT (-94.868038059798 29.244487190776),Curious,Med,Yes,Low,indoor,truck,1.0,1.0,
-94.7726445,29.3106151,Suki Poke by the Sea,312.0,restaurant,4.4,,,93.75,"427 Market Street, Galveston",POINT (-94.7726445 29.3106151),Skeptical,Med,Yes,Low,indoor,truck,1.0,1.0,
-94.80952,29.2765,Papa's Pizza,475.0,restaurant,4.0,3000,500,3000,"4400 Seawall Blvd Galveston, TX 77550",POINT (-94.80952 29.2765),Skeptical,Med,Yes,High,indoor,truck,4.0,5.0,
-94.8173499,29.2931568,Koop's BBQ Kitchen,211.0,restaurant,4.8,0,0,750,"4501 Broadway Avenue J, Galveston",POINT (-94.8173499 29.2931568),Skeptical,Med,Yes,Low,indoor,truck,1.0,2.0,
-94.811817,29.275546,Salsas,5484.0,restaurant,4.3,,,656.25,"4604 Seawall Boulevard, Galveston",POINT (-94.811817 29.275546),Skeptical,Med,Yes,Low,indoor,truck,1.0,1.0,
-94.7717454,29.3070053,Russo's New York Pizzeria & Italian Kitchen - Galveston,1319.0,restaurant,4.3,210,30,210,"500 Seawall Boulevard #300, Galveston",POINT (-94.7717454 29.3070053),Skeptical,Med,Yes,Low,indoor,truck,1.0,1.0,
-94.7931018,29.3039878,Lolo Kai Smoothies and Wraps,338.0,restaurant,4.8,,,750,"528 23rd Street, Galveston",POINT (-94.7931018 29.3039878),Curious,Med,Yes,Low,indoor,truck,1.0,2.0,
-94.83164758,29.27417239,Gypsy Joynt,622.0,restaurant,4.5,2000,1400,2000,"6105 Stewart Rd Galveston, TX 77551",POINT (-94.8316475822502 29.2741723877485),TBD,Med,Yes,Med,indoor,truck,1.0,2.0,
-94.8308258,29.2744235,Café Canela,412.0,restaurant,4.6,350,50,350,"6105 Stewart Road Suite C, Galveston",POINT (-94.8308258 29.2744235),Skeptical,Med,Yes,Low,indoor,truck,1.0,1.0,
-94.832217,29.2753139,Gino's Italian Restaurant and Pizzeria,1056.0,restaurant,4.3,35,5,35,"6124 Stewart Road, Galveston",POINT (-94.832217 29.2753139),Skeptical,Med,Yes,Low,indoor,truck,1.0,1.0,
-94.795515,29.30184,Vida Agave,155.0,restaurant,4.7,70,10,70,"711 25th Street, Galveston",POINT (-94.795515 29.30184),Skeptical,Med,Yes,Low,indoor,truck,1.0,1.0,
-94.86782336,29.24463873,Seawall Coffee Company,47.0,restaurant,4.5,1050,350,1050,,POINT (-94.8678233612548 29.244638725096),Curious,Med,Yes,Low,indoor,truck,1.0,2.0,
-94.77293767650016,29.327492480392152,,,,,,,,,,,,,,outdoor,Truck,0.0,1.0,1000.0
-94.79652426820594,29.30682933975252,,,,,,,,,,,,,,outdoor,Bike,0.0,1.0,1001.0
-94.79468452427888,29.30753393564195,,,,,,,,,,,,,,outdoor,Bike,0.0,1.0,1002.0
-94.80622984152676,29.306615072932196,,,,,,,,,,,,,,outdoor,Truck,0.0,1.0,1003.0
-94.80319324564574,29.307076972140123,,,,,,,,,,,,,,outdoor,Truck,0.0,1.0,1004.0
-94.79850319363544,29.308164157460592,,,,,,,,,,,,,,outdoor,Bike,0.0,1.0,1005.0
-94.78134476729088,29.3123833091588,,,,,,,,,,,,,,outdoor,Truck,0.0,1.0,1006.0
-94.79578217640906,29.30090513320724,,,,,,,,,,,,,,outdoor,Bike,0.0,1.0,1007.0
-94.7932658871674,29.301064005835528,,,,,,,,,,,,,,outdoor,Bike,0.0,1.0,1008.0
-94.78891769107824,29.303192407402246,,,,,,,,,,,,,,outdoor,Bike,0.0,1.0,1009.0
-94.8337225887035,29.292139728627394,,,,,,,,,,,,,,outdoor,Truck,0.0,1.0,1010.0
-94.78196938671564,29.303024858193194,,,,,,,,,,,,,,outdoor,Truck,0.0,1.0,1011.0
-94.79567444799896,29.30696419276517,,,,,,,,,,,,,,outdoor,Bike,0.0,1.0,1012.0
-94.79338136883872,29.30760607604601,,,,,,,,,,,,,,outdoor,Bike,0.0,1.0,1013.0
-94.79216796262608,29.30762661449017,,,,,,,,,,,,,,outdoor,Bike,0.0,1.0,1014.0
-94.79104994247152,29.308214480020617,,,,,,,,,,,,,,outdoor,Bike,0.0,1.0,1015.0
-94.79448543312456,29.30708461014235,,,,,,,,,,,,,,outdoor,Bike,0.0,1.0,1016.0
-94.86417580978328,29.287709640220097,,,,,,,,,,,,,,outdoor,Truck,0.0,1.0,1017.0
-94.83901023515826,29.29108366340304,,,,,,,,,,,,,,outdoor,Truck,0.0,1.0,1018.0
-94.8334411310532,29.29042142675482,,,,,,,,,,,,,,outdoor,Truck,0.0,1.0,1019.0
-94.85524271265918,29.267539716885995,,,,,,,,,,,,,,outdoor,Truck,0.0,1.0,1020.0
-94.77345456833449,29.31011047969046,,,,,,,,,,,,,,outdoor,Truck,0.0,1.0,2000.0
-94.77255791424268,29.30692299243964,,,,,,,,,,,,,,outdoor,Truck,0.0,1.0,2001.0
-94.78149423839945,29.303174485909715,,,,,,,,,,,,,,outdoor,Truck,0.0,1.0,2002.0
-94.77228403555635,29.304348273085257,,,,,,,,,,,,,,outdoor,Truck,0.0,1.0,2003.0
-94.77061008567384,29.307855191372283,,,,,,,,,,,,,,outdoor,Truck,0.0,1.0,2004.0
-94.74937088786088,29.31903163297094,,,,,,,,,,,,,,outdoor,Truck,0.0,1.0,2005.0
-94.79125240816202,29.296987170079213,,,,,,,,,,,,,,outdoor,Truck,0.0,1.0,2006.0
-94.7898969706002,29.306879649441004,,,,,,,,,,,,,,outdoor,Bike,0.0,1.0,2007.0
-94.77687451055668,29.317084188399047,,,,,,,,,,,,,,outdoor,Truck,0.0,1.0,2008.0
-94.82198101001254,29.275166318239137,,,,,,,,,,,,,,outdoor,Truck,0.0,1.0,2009.0
-94.8070897627476,29.284031380957845,,,,,,,,,,,,,,outdoor,Bike,0.0,1.0,2010.0
-94.81271795927027,29.27510482953612,,,,,,,,,,,,,,outdoor,Truck,0.0,1.0,2011.0
-94.80141651349544,29.290079781803342,,,,,,,,,,,,,,outdoor,Truck,0.0,1.0,2012.0
-94.7902187937728,29.28713138145065,,,,,,,,,,,,,,outdoor,Truck,0.0,1.0,2013.0
-94.82321262591007,29.269059709958142,,,,,,,,,,,,,,outdoor,Truck,0.0,1.0,2014.0
-94.8254596884219,29.294467025132217,,,,,,,,,,,,,,outdoor,Truck,0.0,1.0,2015.0
-94.79228185255494,29.30149614872541,,,,,,,,,,,,,,outdoor,Truck,0.0,1.0,2016.0
-94.83971047446586,29.29032253864521,,,,,,,,,,,,,,outdoor,Truck,0.0,1.0,2017.0
-94.82860688351526,29.27008306635599,,,,,,,,,,,,,,outdoor,Truck,0.0,1.0,2018.0
-94.8308675247102,29.27466850361676,,,,,,,,,,,,,,outdoor,Truck,0.0,1.0,2019.0
-94.83104920246144,29.27588208130422,,,,,,,,,,,,,,outdoor,Truck,0.0,1.0,2020.0
-94.8319366364599,29.264478371825057,,,,,,,,,,,,,,outdoor,Truck,0.0,1.0,2021.0
-94.86949678276189,29.26546777295611,,,,,,,,,,,,,,outdoor,Truck,0.0,1.0,2022.0
-94.8585634701748,29.258026665517956,,,,,,,,,,,,,,outdoor,Truck,0.0,1.0,2023.0
-94.86778062999728,29.243452340388263,,,,,,,,,,,,,,outdoor,Truck,0.0,1.0,2024.0
-94.94920025811072,29.200509132181256,,,,,,,,,,,,,,outdoor,Truck,0.0,1.0,2025.0
-94.93739816125932,29.2085240573132,,,,,,,,,,,,,,outdoor,Truck,0.0,1.0,2026.0
-95.0468334206239,29.144976394730858,,,,,,,,,,,,,,outdoor,Truck,0.0,1.0,2027.0
-95.11776778416598,29.085700851392566,,,,,,,,,,,,,,outdoor,Truck,0.0,1.0,2028.0
-94.73484853399322,29.330690124658997,,,,,,,,,,,,,,outdoor,Truck,0.0,1.0,3000.0
-94.73960832343784,29.3320127193003,,,,,,,,,,,,,,outdoor,Truck,0.0,1.0,3001.0
-94.74227712140768,29.32605153615685,,,,,,,,,,,,,,outdoor,Truck,0.0,1.0,3002.0
-94.7449019143859,29.32322311143816,,,,,,,,,,,,,,outdoor,Truck,0.0,1.0,3003.0
-94.76572801010091,29.30764081524064,,,,,,,,,,,,,,outdoor,Truck,0.0,1.0,3004.0
-94.76679385290824,29.306890391999296,,,,,,,,,,,,,,outdoor,Truck,0.0,1.0,3005.0
-94.767950723184,29.306065117409027,,,,,,,,,,,,,,outdoor,Truck,0.0,1.0,3006.0
-94.7692474874237,29.305082322225285,,,,,,,,,,,,,,outdoor,Truck,0.0,1.0,3007.0
-94.77754696577183,29.298333179256616,,,,,,,,,,,,,,outdoor,Truck,0.0,1.0,3008.0
-94.8082561071602,29.27677205068795,,,,,,,,,,,,,,outdoor,Truck,0.0,1.0,3009.0
-94.80526213325668,29.278482396580216,,,,,,,,,,,,,,outdoor,Truck,0.0,1.0,3010.0
-94.80236790400106,29.28038269046843,,,,,,,,,,,,,,outdoor,Truck,0.0,1.0,3011.0
-94.79867731012496,29.282876114591787,,,,,,,,,,,,,,outdoor,Truck,0.0,1.0,3012.0
-94.79493642483013,29.285061699147057,,,,,,,,,,,,,,outdoor,Truck,0.0,1.0,3013.0
-94.79283633899044,29.28645386043989,,,,,,,,,,,,,,outdoor,Truck,0.0,1.0,3014.0
-94.78918032046477,29.289013989903104,,,,,,,,,,,,,,outdoor,Truck,0.0,1.0,3015.0
-94.7855794129526,29.291804838061307,,,,,,,,,,,,,,outdoor,Truck,0.0,1.0,3016.0
-94.78168618656736,29.29478947063417,,,,,,,,,,,,,,outdoor,Truck,0.0,1.0,3017.0
-94.8124062388772,29.27425339937392,,,,,,,,,,,,,,outdoor,Truck,0.0,1.0,3018.0
-94.81618144806576,29.272072518969775,,,,,,,,,,,,,,outdoor,Truck,0.0,1.0,3019.0
-94.81987694535516,29.270206728176856,,,,,,,,,,,,,,outdoor,Truck,0.0,1.0,3020.0
-94.8262520532695,29.266291220605424,,,,,,,,,,,,,,outdoor,Truck,0.0,1.0,3021.0
-94.83155513372616,29.263467832281307,,,,,,,,,,,,,,outdoor,Truck,0.0,1.0,3022.0
-94.841316614341,29.2581766503582,,,,,,,,,,,,,,outdoor,Truck,0.0,1.0,3023.0
-94.8361248635164,29.260958542086108,,,,,,,,,,,,,,outdoor,Truck,0.0,1.0,3024.0
-94.8738468189325,29.240591429702597,,,,,,,,,,,,,,outdoor,Truck,0.0,1.0,3025.0
-94.79551215028134,29.292771721098887,,,,,,,,,,,,,,outdoor,Truck,0.0,1.0,3026.0
-94.84125378845,29.272479469219597,,,,,,,,,,,,,,outdoor,Truck,0.0,1.0,3027.0
-94.84864400281596,29.260198462095193,,,,,,,,,,,,,,outdoor,Truck,0.0,1.0,3028.0
-94.77960042237318,29.33442883012103,,,,,,,,,,,,,,outdoor,Truck,0.0,1.0,3029.0
-94.87811761972976,29.23872499917516,,,,,,,,,,,,,,outdoor,Truck,0.0,1.0,3030.0
-94.89604294830498,29.2277225320811,,,,,,,,,,,,,,outdoor,Truck,0.0,1.0,3031.0
-94.9278228922708,29.210431153328607,,,,,,,,,,,,,,outdoor,Truck,0.0,1.0,3032.0
-94.95403603262106,29.19352527673134,,,,,,,,,,,,,,outdoor,Truck,0.0,1.0,3033.0
-94.95608616231785,29.196347559108165,,,,,,,,,,,,,,outdoor,Truck,0.0,1.0,3034.0
